feature,n,mean,median,std,variance,min,max,q1,q3,iqr,skew,kurtosis_excess
mean,623,122.3202704358097,122.07723893066,4.618643087926092,21.331863973647465,107.99755925925926,149.49175416666668,118.97180518518518,124.50502008547008,5.533214900284904,1.4461675465680588,5.485066074339696
std,623,45.21909155830824,46.40621064876744,10.281364283447262,105.70645152894504,8.759490943945657,69.49947332792938,38.51085581775946,52.61414801424796,14.103292196488496,-0.499341501910648,0.12295999603242835
variance,623,2150.303019610676,2153.536386777777,888.9887545529535,790301.0057216114,76.72868159706597,4830.176792859566,1483.0868178984836,2768.2494450374697,1285.1626271389862,0.122054643572607,-0.3902741261770064
entropy,623,7.3158545400909345,7.411784135966193,0.3866698329925751,0.14951355974650593,5.072289198365832,7.867479089478719,7.143265154828088,7.594573982546803,0.45130882771871494,-1.6924386056286906,5.0365553869693604
dynamic_range,623,213.92616372391655,219.0,23.25085496237052,540.6022564811899,80.0,248.0,202.5,231.0,28.5,-1.441816763312404,3.499308563900345
rms_contrast,623,45.21909155830824,46.40621064876744,10.281364283447262,105.70645152894504,8.759490943945657,69.49947332792938,38.51085581775946,52.61414801424796,14.103292196488496,-0.499341501910648,0.12295999603242835
mean_red,623,116.99545103168029,120.51138305664062,11.50758509792608,132.42451478601038,68.24446105957031,149.02096557617188,113.37389373779297,123.70232009887695,10.328426361083984,-1.5173807861807647,3.146080539439853
mean_green,623,124.631277191505,123.86844635009766,4.6018935585201755,21.177424323949484,108.9744110107422,149.7378692626953,121.95852279663086,126.50398254394531,4.545459747314453,1.415063983023923,4.673791720523884
mean_blue,623,124.38623735112516,123.59014892578124,4.709648463467002,22.180788649437094,109.70819091796876,150.6097412109375,121.74611282348633,126.40935897827148,4.663246154785156,1.3934126320840825,4.691451099292366
colorfulness,623,47.282907708690026,43.56945037841797,25.60309470679124,655.5184585649216,5.704231262207031,130.66531372070312,24.929840087890625,67.42826080322266,42.49842071533203,0.47651198332161565,-0.69879356496793
red_ratio,623,0.470520230276244,0.4932534396648407,0.04798855222701428,0.0023029011448448774,0.2469987124204635,0.5162105560302734,0.46109119057655334,0.4992136806249618,0.03812249004840845,-2.247067341042471,5.129452346490452
mean_saturation,623,77.67368695464741,70.27021825396825,40.44950014210637,1636.1620617462634,11.092555555555556,183.48036489151875,42.874272222222224,108.90868073511456,66.03440851289233,0.45919667086898786,-0.786298609178905
mean_value,623,142.27107804888567,140.94735555555556,10.597303683808365,112.30284536685835,119.5896037037037,181.9876333333333,134.09893944773177,149.72572037601626,15.62678092828449,0.5625280974630423,0.010262681290081233
contrast,623,217.5529831221141,143.4047203672788,229.43485152238352,52640.35109309817,1.0397454090150249,1660.3823195521948,67.35267272965038,298.9407758843051,231.5881031546547,2.3856218963874194,7.939460252555951
correlation,623,0.9504940366931472,0.9658985258656568,0.05160596427834046,0.0026631755490973516,0.5456582122658338,0.9989389593595964,0.939409091712013,0.9818821202548667,0.04247302854285362,-2.9961258033742575,13.104971817377944
energy,623,0.0326479703234764,0.0284450412368115,0.016692856702694655,0.0002786514648966979,0.0102355919336823,0.1433484799556078,0.02121562241022635,0.04061043405922245,0.019394811648996098,1.9020111379806959,6.418886925213811
homogeneity,623,0.3851536806415645,0.3760779925131793,0.12643931701780653,0.01598690088792938,0.1137867347736061,0.8093019911027819,0.29636018952409215,0.4657547672301234,0.16939457770603122,0.5087710703984392,0.26904693205822694
ASM,623,0.0013440941575198317,0.0008091203709639,0.0017284754750714994,2.9876274679236456e-06,0.0001047673422328,0.0205487867055833,0.00045010364962685,0.00164920779290055,0.0011991041432737,5.11237522120091,40.748197635309054
dissimilarity,623,6.240211868924289,5.338885642737898,3.8034328810053313,14.466101680312516,0.4563146911519198,26.946271236374347,3.5202969780935036,8.163048629351408,4.642751651257905,1.3638831760472334,3.017072625767385
glcm_entropy,623,11.58087437575384,11.704697536134104,1.162848228663299,1.3522160029053725,6.608559838690777,14.208696701202076,10.908548193600893,12.441898021388564,1.5333498277876707,-0.6969295745767802,0.8572819172569073
glcm_variance,623,2.027641858608062e-08,1.21133664230562e-08,2.6374442673820467e-08,6.956112263546421e-16,1.3657921321161496e-09,3.1331677118714625e-07,6.635206002264234e-09,2.493208318844745e-08,1.8296877186183217e-08,5.112375221200897,40.74819763530889
edge_density,623,0.09933965717515301,0.0919185185185185,0.05887491207413861,0.0034662552717375527,0.0001,0.3564352941176471,0.05390016436554895,0.1377075435123319,0.08380737914678293,0.5801643839043169,0.14930598234652237
gradient,623,65.08505633862906,59.86318706530971,31.843659472801725,1014.0186486197551,5.835934621544415,178.20301766954003,41.18878320310915,85.43992885347569,44.25114565036654,0.6094897743122835,0.10024606518611678
laplacian_variance,623,1251.2714412446533,655.3947534404145,1765.187200144799,3115885.851555034,2.044904163732639,17434.733435759765,254.58466113039657,1571.1888530655174,1316.6041919351208,3.675856867357651,19.95918306757046
keypoint_density,623,0.008257650299138535,0.0075265392781316,0.0049858146423113715,2.4858347647486466e-05,5.833333333333333e-05,0.0279074074074074,0.004313571424390849,0.0115130169957756,0.007199445571384751,0.6345445182613644,0.1820742305864398
