rank,feature,combined_rank,rank_ssim,rank_psnr,importance_ssim,importance_psnr,F_ssim,p_raw_ssim,p_bh_ssim,pearson_r_ssim,spearman_rho_ssim,F_psnr,p_raw_psnr,p_bh_psnr,pearson_r_psnr,spearman_rho_psnr
1,red_ratio,1.0,1.0,1.0,0.2142755879256198,0.30614358865034025,134.09160451897944,3.261376194390134e-28,4.0767202429876676e-27,0.42140625047268243,0.336080594692603,158.78290756502932,1.3970883082221116e-32,3.492720770555279e-31,0.4512477188014319,0.4338981493063424
2,dynamic_range,3.0,3.0,3.0,0.05062753755893594,0.023582023813004026,57.989018310358645,9.859754973739234e-14,6.162346858587021e-13,0.2922412408585021,0.3889782939385836,14.452924879253672,0.00015787943825534243,0.000303614304337197,0.15081209785100005,0.2882803105152642
3,correlation,4.5,5.0,4.0,0.023672121743687758,0.016567133925534883,94.39655147515214,7.222555803627094e-21,6.018796503022578e-20,0.3632491805390053,0.11309032250844597,72.5062881870066,1.2547862399912621e-16,6.27393119995631e-16,0.32334238307244434,0.20009856424289685
4,entropy,5.5,9.0,2.0,0.006421895474404282,0.050122531876094015,27.22299569517591,2.474332689638159e-07,5.154859770079498e-07,0.20493009456752254,0.3393003467266847,11.870695429329384,0.0006086889708817382,0.000951076517002716,0.13695585007673486,0.2806543492545366
5,mean_blue,8.5,11.0,6.0,0.004646031231866088,0.008703815462807185,0.9926200048884345,0.3194909122877512,0.3472727307475557,-0.03994835456951187,-0.05866550089466375,15.688232097401553,8.334321002335101e-05,0.00017363168754864794,-0.15697250593245402,-0.13419709508680266
6,mean_value,12.5,18.0,7.0,-0.0009874463060011384,0.008625665011903849,3.3106730326343747,0.06931265905110968,0.10193038095751424,-0.07282118902887871,-0.07622021885073288,45.68803355336682,3.200569342150498e-11,1.3335705592293742e-10,-0.26178207334653614,-0.251054406881443
7,mean,13.0,14.0,12.0,0.00036536026263618294,0.004878882239992177,55.83681355824252,2.686794545024569e-13,1.3433972725122848e-12,0.28722241342961163,0.3107355249307713,24.707404522252585,8.642217604388382e-07,2.7006930013713695e-06,0.1956120838273326,0.2520181141634577
8,contrast,16.0,19.0,13.0,-0.0013466701703981564,0.003498349526745481,20.65736728011646,6.603089531777036e-06,1.269824909957122e-05,-0.17942621387942811,0.0015978910894644093,20.751309434031175,6.296951695136917e-06,1.7491532486491436e-05,-0.1798205706264619,-0.10045225359938033
9,mean_saturation,16.5,25.0,8.0,-0.007201888467170759,0.008569412546102195,42.619257800980236,1.383089106875722e-10,4.939603953127579e-10,-0.2534214963627925,-0.20678163777087416,103.53112269697212,1.351624802471217e-22,1.1263540020593473e-21,-0.3780131769870422,-0.3428662969171768
10,variance,21.5,24.0,19.0,-0.004797198110094025,0.0014369789582986624,48.336035356955435,9.115590164659439e-12,3.7981625686081e-11,0.2687283028318927,0.2943172163186877,19.403572334113516,1.246139002120983e-05,3.115347505302458e-05,0.17406600986467044,0.20830300398115498
