feature,rank_ssim,rank_psnr,importance_ssim,importance_psnr,rf_val_r2_ssim,rf_val_r2_psnr,combined_rank,importance_norm_mean,combined_rank_order
red_ratio,1,1,0.2142755879256198,0.3061435886503402,0.537988,0.369726,1.0,1.0,1
dynamic_range,3,3,0.0506275375589359,0.023582023813004,0.537988,0.369726,3.0,0.1774557565446666,2
correlation,5,4,0.0236721217436877,0.0165671339255348,0.537988,0.369726,4.5,0.1053534917978435,3
entropy,9,2,0.0064218954744042,0.050122531876094,0.537988,0.369726,5.5,0.1202172983763555,4
homogeneity,7,5,0.0085393568899187,0.0092348836813827,0.537988,0.369726,6.0,0.0594327416570194,5
mean_blue,11,6,0.004646031231866,0.0087038154628071,0.537988,0.369726,8.5,0.0497917147333256,6
keypoint_density,4,15,0.0245222990230235,0.002720836043155,0.537988,0.369726,9.5,0.0850697691259992,7
gradient,6,16,0.0192659818014059,0.0021208332187316,0.537988,0.369726,11.0,0.0722411597103669,8
rms_contrast,13,10,0.000886088745823,0.0055850567099977,0.537988,0.369726,11.5,0.0363023510447082,9
mean_red,2,22,0.1169192899654984,-0.0009074661314423,0.537988,0.369726,12.0,0.2878439482841711,10
edge_density,8,17,0.0064580956858949,0.0020484635764193,0.537988,0.369726,12.5,0.0432104652533722,11
mean_value,18,7,-0.0009874463060011,0.0086256650119038,0.537988,0.369726,12.5,0.036948450746534,12
mean,14,12,0.0003653602626361,0.0048788822399921,0.537988,0.369726,13.0,0.0339943951326222,13
glcm_entropy,16,11,-0.0001081140065625,0.0049439563294267,0.537988,0.369726,13.5,0.0330298444883587,14
mean_green,17,14,-0.0004446748216258,0.0028250004332584,0.537988,0.369726,15.5,0.0288722116347874,15
contrast,19,13,-0.0013466701703981,0.0034983495267454,0.537988,0.369726,16.0,0.027915638015179,16
std,23,9,-0.0043803878235735,0.0066362122462898,0.537988,0.369726,16.0,0.0260985001074197,17
dissimilarity,12,21,0.0040855280670971,-0.0004097088158591,0.537988,0.369726,16.5,0.0339124665774125,18
mean_saturation,25,8,-0.0072018884671707,0.0085694125461021,0.537988,0.369726,16.5,0.0228287350666626,19
laplacian_variance,10,25,0.0053488040462947,-0.0056670734458049,0.537988,0.369726,17.5,0.0283340155348502,20
glcm_variance,15,20,-6.661338147750939e-17,0.0,0.537988,0.369726,17.5,0.0253461010313125,21
colorfulness,21,18,-0.0024582824951412,0.0015356213016131,0.537988,0.369726,19.5,0.0222587921809063,22
ASM,20,23,-0.0013754860098962,-0.0021783785983047,0.537988,0.369726,21.5,0.018747739563209,23
variance,24,19,-0.004797198110094,0.0014369789582986,0.537988,0.369726,21.5,0.0168203593596386,24
energy,22,24,-0.0037297430214975,-0.0029097662482108,0.537988,0.369726,23.0,0.0122600418825875,25
