target,feature,F,p_raw,p_bh_fdr,p_bonferroni,significant_fdr_0.05,pearson_r,spearman_rho,n_train,selected,dropped_as_redundant_with,removal_reason
psnr,red_ratio,158.78290756502932,1.3970883082221116e-32,3.492720770555279e-31,3.492720770555279e-31,True,0.4512477188014319,0.4338981493063424,623,True,,
psnr,mean_red,134.4009726717605,2.869189564499373e-28,3.5864869556242164e-27,7.172973911248433e-27,True,0.4218056920556979,0.3837808545819114,623,False,red_ratio,|r| = 0.936 >= 0.9 with the higher-ranked feature 'red_ratio'
psnr,mean_saturation,103.53112269697212,1.3516248024712171e-22,1.1263540020593473e-21,3.3790620061780418e-21,True,-0.3780131769870422,-0.3428662969171768,623,True,,
psnr,colorfulness,95.47541730123156,4.501864761409345e-21,2.813665475880841e-20,1.1254661903523363e-19,True,-0.3650439335750592,-0.337027925054948,623,False,mean_saturation,|r| = 0.967 >= 0.9 with the higher-ranked feature 'mean_saturation'
psnr,correlation,72.5062881870066,1.254786239991262e-16,6.273931199956309e-16,3.136965599978156e-15,True,0.3233423830724443,0.2000985642428968,623,True,,
psnr,mean_value,45.68803355336682,3.200569342150498e-11,1.3335705592293742e-10,8.001423355376244e-10,True,-0.2617820733465361,-0.251054406881443,623,True,,
psnr,laplacian_variance,29.433724403788,8.301527802394617e-08,2.9648313579980775e-07,2.075381950598654e-06,True,-0.2127262499034237,-0.1368620665603177,623,False,contrast,|r| = 0.957 >= 0.9 with the higher-ranked feature 'contrast'
psnr,mean,24.707404522252585,8.642217604388382e-07,2.700693001371369e-06,2.160554401097096e-05,True,0.1956120838273326,0.2520181141634577,623,True,,
psnr,contrast,20.75130943403117,6.296951695136917e-06,1.7491532486491436e-05,0.0001574237923784,True,-0.1798205706264619,-0.1004522535993803,623,True,,
psnr,variance,19.40357233411352,1.246139002120983e-05,3.115347505302458e-05,0.0003115347505302,True,0.1740660098646704,0.2083030039811549,623,True,,
psnr,mean_green,18.84867959248505,1.6521174003860928e-05,3.754812273604756e-05,0.0004130293500965,True,-0.1716334083569413,-0.1521970171227396,623,False,mean_blue,|r| = 0.983 >= 0.9 with the higher-ranked feature 'mean_blue'
psnr,mean_blue,15.688232097401553,8.334321002335101e-05,0.0001736316875486,0.0020835802505837,True,-0.156972505932454,-0.1341970950868026,623,True,,
psnr,dynamic_range,14.452924879253672,0.0001578794382553,0.0003036143043371,0.0039469859563835,True,0.150812097851,0.2882803105152642,623,True,,
psnr,std,12.55068008089154,0.0004257730688115,0.0007096217813525,0.0106443267202886,True,0.1407482322655373,0.2083030039811549,623,False,entropy,|r| = 0.915 >= 0.9 with the higher-ranked feature 'entropy'
psnr,rms_contrast,12.55068008089154,0.0004257730688115,0.0007096217813525,0.0106443267202886,True,0.1407482322655373,0.2083030039811549,623,False,entropy,|r| = 0.915 >= 0.9 with the higher-ranked feature 'entropy'
psnr,entropy,11.870695429329384,0.0006086889708817,0.0009510765170027,0.0152172242720434,True,0.1369558500767348,0.2806543492545366,623,True,,
psnr,dissimilarity,6.85955550237943,0.0090321356110818,0.013282552369238,0.2258033902770471,True,-0.1045241713198593,-0.037909789921589,623,False,contrast,|r| = 0.950 >= 0.9 with the higher-ranked feature 'contrast'
psnr,gradient,2.377502796555822,0.1236035716573277,0.171671627301844,1.0,False,-0.061756824365631,-0.0050324289063649,623,False,,
psnr,homogeneity,2.1849529974433466,0.1398723197176406,0.184042525944264,1.0,False,-0.0592123871644417,-0.1133964716522097,623,False,,
psnr,edge_density,2.0278805693597954,0.1549381133847694,0.1936726417309618,1.0,False,-0.0570515497441012,-0.0052314332938657,623,False,,
psnr,energy,1.680980341237497,0.1952758087026579,0.2219043280712022,1.0,False,-0.0519575323866888,-0.1693827581159487,623,False,,
psnr,keypoint_density,1.7170468396598193,0.1905580678658074,0.2219043280712022,1.0,False,-0.0525104444192137,0.0055970859401795,623,False,,
psnr,glcm_entropy,1.3436563910545816,0.2468357046741868,0.2682996789936813,1.0,False,0.0464653248272566,0.1154830897262398,623,False,,
psnr,ASM,0.906196475248236,0.3414959807455436,0.3414959807455606,1.0,False,0.0381723363857582,-0.1693827581159487,623,False,,
psnr,glcm_variance,0.906196475248172,0.3414959807455606,0.3414959807455606,1.0,False,0.0381723363857568,-0.1693827581159487,623,False,,
ssim,mean_red,143.896789361465,5.7716204492848635e-30,1.4429051123212155e-28,1.4429051123212155e-28,True,0.4337346647435957,0.3777842717502681,623,False,red_ratio,|r| = 0.936 >= 0.9 with the higher-ranked feature 'red_ratio'
ssim,red_ratio,134.09160451897944,3.261376194390134e-28,4.0767202429876676e-27,8.153440485975335e-27,True,0.4214062504726824,0.336080594692603,623,True,,
ssim,correlation,94.39655147515214,7.222555803627094e-21,6.018796503022578e-20,1.8056389509067734e-19,True,0.3632491805390053,0.1130903225084459,623,True,,
ssim,dynamic_range,57.989018310358645,9.859754973739235e-14,6.162346858587021e-13,2.4649387434348083e-12,True,0.2922412408585021,0.3889782939385836,623,True,,
ssim,mean,55.83681355824252,2.686794545024569e-13,1.343397272512285e-12,6.7169863625614226e-12,True,0.2872224134296116,0.3107355249307713,623,True,,
ssim,variance,48.33603535695544,9.11559016465944e-12,3.7981625686081e-11,2.2788975411648598e-10,True,0.2687283028318927,0.2943172163186877,623,True,,
ssim,mean_saturation,42.61925780098024,1.3830891068757219e-10,4.939603953127578e-10,3.457722767189305e-09,True,-0.2534214963627925,-0.2067816377708741,623,True,,
ssim,std,37.737124647267926,1.4461517683085135e-09,4.017088245301427e-09,3.615379420771284e-08,True,0.2393471900859567,0.2943172163186877,623,False,entropy,|r| = 0.915 >= 0.9 with the higher-ranked feature 'entropy'
ssim,rms_contrast,37.737124647267926,1.4461517683085135e-09,4.017088245301427e-09,3.615379420771284e-08,True,0.2393471900859567,0.2943172163186877,623,False,entropy,|r| = 0.915 >= 0.9 with the higher-ranked feature 'entropy'
ssim,laplacian_variance,36.84041570572854,2.2314153209912643e-09,5.578538302478161e-09,5.5785383024781616e-08,True,-0.2366475350760792,-0.0264978560254868,623,False,contrast,|r| = 0.957 >= 0.9 with the higher-ranked feature 'contrast'
ssim,colorfulness,31.737566953038534,2.6773015346484772e-08,6.084776215110174e-08,6.693253836621193e-07,True,-0.2205045274174388,-0.1929990703120467,623,False,mean_saturation,|r| = 0.967 >= 0.9 with the higher-ranked feature 'mean_saturation'
ssim,entropy,27.22299569517591,2.474332689638159e-07,5.154859770079498e-07,6.1858317240953975e-06,True,0.2049300945675225,0.3393003467266847,623,True,,
ssim,contrast,20.65736728011646,6.603089531777036e-06,1.269824909957122e-05,0.0001650772382944,True,-0.1794262138794281,0.0015978910894644,623,True,,
ssim,dissimilarity,8.540597511277173,0.003599451921781,0.0064275927174662,0.089986298044527,True,-0.1164748760136145,0.0274960540928664,623,False,contrast,|r| = 0.950 >= 0.9 with the higher-ranked feature 'contrast'
ssim,keypoint_density,4.460962988297499,0.0350766238343703,0.0584610397239506,0.8769155958592598,False,-0.0844528296363883,0.0341266760848859,623,False,,
ssim,edge_density,3.892333916823438,0.0489500552404874,0.0764844613132616,1.0,False,-0.0789227931396843,0.0454486319428493,623,False,,
ssim,mean_value,3.3106730326343747,0.0693126590511096,0.1019303809575142,1.0,False,-0.0728211890288787,-0.0762202188507328,623,True,,
ssim,gradient,2.372631686850515,0.1239881111631641,0.1722057099488391,1.0,False,-0.0616937682119793,0.0634789257207191,623,False,,
ssim,mean_green,1.7796514168467068,0.1826811487006669,0.2385134130995585,1.0,False,-0.0534564685958603,-0.0643972738979518,623,False,mean_blue,|r| = 0.983 >= 0.9 with the higher-ranked feature 'mean_blue'
ssim,ASM,1.6433029634948983,0.2003512670036167,0.2385134130995585,1.0,False,0.0513735004756896,-0.1291819363866348,623,False,,
ssim,glcm_variance,1.643302963494807,0.2003512670036291,0.2385134130995585,1.0,False,0.0513735004756882,-0.1291819363866348,623,False,,
ssim,glcm_entropy,1.329527630264642,0.2493328936081759,0.2833328336456544,1.0,False,0.04622090875344,0.140984534257402,623,False,,
ssim,mean_blue,0.9926200048884344,0.3194909122877512,0.3472727307475557,1.0,False,-0.0399483545695118,-0.0586655008946637,623,True,,
ssim,energy,0.1079195182610174,0.7426360244132184,0.7735791920971025,1.0,False,-0.0131815495226014,-0.1291819363866348,623,False,,
ssim,homogeneity,0.0020867264439038,0.9635794315169414,0.9635794315169413,1.0,False,-0.0018331003066528,-0.0729652316258468,623,False,,
