image_name,ssim224_raw,psnr224_raw,ssim224_classical,psnr224_classical,ssim224_unet,psnr224_unet,ssim224_guided,psnr224_guided
UIEB_1.png,0.7526921545869681,17.8524006822019,0.7885167839251485,14.707850809047315,0.8154863862202398,16.68332286345049,0.8056968851602369,17.96696713296667
UIEB_11.png,0.6616911839066121,14.430374418205423,0.7491814598735133,12.676047198504254,0.7845982423162435,14.720649337277045,0.7668966753138978,14.397957706097671
UIEB_110.png,0.8635211587098425,20.098154014965054,0.9620802980223564,23.458191635640336,0.9507924421541225,23.88751000343174,0.8251962404484369,22.254984832934504
UIEB_116.png,0.93112559449141,23.294880379611506,0.8140606059536027,17.750224245785855,0.8239534023284648,20.055915154840523,0.8349171911811952,20.672941348422516
UIEB_117.png,0.5917030493037868,15.915291989039195,0.797514912385019,16.711301598728856,0.8648085839779256,22.003218659804638,0.8019681973675091,22.591614138255302
UIEB_122.png,0.7883036052329361,15.007924251905099,0.7382402462583343,14.416889399094572,0.7765488369545045,16.34398735840517,0.756180169854284,16.327404536333525
UIEB_127.png,0.7465715864959503,15.208573933482867,0.768064303826851,15.014532430732665,0.816492142987975,19.12723563195054,0.7795867184894206,19.629482155035966
UIEB_129.png,0.9159945384156548,20.16449520507986,0.7955277113349045,16.00868997247793,0.8172348832593683,16.411237826046182,0.8525704437041526,20.567702491254074
UIEB_134.png,0.8479156503456792,18.49917331635576,0.957185830958451,24.026768256497448,0.949555460351204,25.206614859779627,0.8105510046696148,20.814423235678994
UIEB_140.png,0.8031917098192869,20.176572947067292,0.9147047376187055,21.938562568802944,0.9296430867521406,24.89443946366005,0.8201342511545144,22.71302529780119
UIEB_145.png,0.841652411442588,20.58898203132157,0.8435860883084044,17.237058826850486,0.8779757109758282,18.777258402382195,0.8155753179490267,20.304242881114305
UIEB_150.png,0.6926550573310458,16.898781145679674,0.8565907854106639,17.43169062754839,0.8872210723103787,19.21813714316089,0.7956939873345982,19.60670707690363
UIEB_154.png,0.8021571282443428,18.03421803403753,0.6889658241571418,14.245782783152812,0.7774149605377936,16.90808377306506,0.7412420196815038,19.471364434949066
UIEB_156.png,0.8046668232128381,15.70816326969916,0.8292149486614017,15.940290602582344,0.849492956267819,19.7721374582688,0.8235424891692856,21.77882889423852
UIEB_162.png,0.7638707262437882,19.689712285513675,0.6890682795329347,12.929574792515348,0.7957668505762859,16.917482160930668,0.7417703813944185,16.67596842429493
UIEB_170.png,0.692028118450188,13.569345406551099,0.7626517650639832,13.40503118680681,0.7736446140028752,17.13686677352618,0.7809300171226843,18.42909952717465
UIEB_177.png,0.4566751940834384,14.627430291312574,0.7571701574755055,17.673075574036226,0.820650282711533,21.50864906244278,0.7092838489377783,20.895940968728873
UIEB_180.png,0.6214608868605268,16.302127110037322,0.7747856474633189,17.088733527635494,0.8295151731457189,21.133541236273444,0.789779925599924,19.906532580477588
UIEB_188.png,0.8390861813968137,22.121708995267696,0.8379678593824861,16.748311106892007,0.8684424858610065,20.90329605846021,0.8780459795300296,22.81024911645168
UIEB_190.png,0.9149383673914153,21.3037746279807,0.9492547903865761,23.532298420515836,0.9341642229794386,22.634829517930434,0.8614457166243804,21.078628200080367
UIEB_193.png,0.5357474376849799,15.492993141760582,0.8256319697346117,19.00896774583981,0.8701970171625604,22.926463004488625,0.7536291409811279,21.037666516394495
UIEB_194.png,0.5939731369305418,14.792786183239473,0.7598580137031669,15.157061927783413,0.8043651563455748,17.977348444996434,0.7001553232411665,17.21013742781531
UIEB_207.png,0.5997903329774519,16.77780219030597,0.7933411668562179,16.95029277100755,0.8693500275012896,22.79449974918236,0.7978415698032881,22.176865125850735
UIEB_213.png,0.7148096382403958,15.717568933238631,0.7115796499243588,14.12375629984009,0.7684081126673376,17.904394235442123,0.7872980441090328,17.089970908435287
UIEB_215.png,0.7411195569029215,14.815528353916728,0.7782605428970202,18.978850485265546,0.7779060206692093,20.649705138917692,0.7406783771647524,19.899748183301696
UIEB_219.png,0.9574063137799161,21.032465892167508,0.7489435453604307,14.85362811408136,0.7449086308014365,17.634310064109663,0.7737558033428976,18.375544546838732
UIEB_222.png,0.7060245485729935,17.65573230157585,0.8292558328194444,17.008223169895636,0.8699027044818277,21.249160413614124,0.7265209804615648,19.658997174464194
UIEB_239.png,0.8722184375121355,22.48440697810973,0.9042085543435538,18.79762038689218,0.926838468694492,23.857665836379983,0.8735526922891782,23.362083854570166
UIEB_242.png,0.9076577093532472,18.083553977422977,0.8038694462206971,15.47060341058409,0.8271496967660007,17.678269422413635,0.8644320017635732,18.823541345990645
UIEB_243.png,0.724859840716626,14.974745918815058,0.9081325969864791,19.114804963647664,0.9109377005941924,20.46453506167825,0.8559756867767322,20.676623800770958
UIEB_248.png,0.8472073223361072,21.58207542353083,0.8912863953814848,19.615797892837044,0.9220312156827086,22.800936684409187,0.8378448409499596,20.893556232813985
UIEB_267.png,0.8608037653413919,19.65741001787375,0.9027749037919928,20.83978639765924,0.8612659927991243,20.413806913019343,0.8646671801230402,21.586421496693852
UIEB_269.png,0.9209562805509015,26.214626952171493,0.7398360202501055,13.539616859269222,0.7766790542094962,17.50135389790352,0.8303408824431905,19.468952414383473
UIEB_270.png,0.8549089156736823,17.213471638657133,0.7455703200888543,16.403430932770952,0.8001932635636894,20.167206361213168,0.8082312625482938,20.3980087611672
UIEB_279.png,0.8746524677201243,17.739290183271272,0.8939515460121349,18.18874586407533,0.8767416716106332,19.103259757763063,0.8838803105944818,19.532425329000066
UIEB_28.png,0.9326313231233466,19.083246682023116,0.8286915177007534,18.32447719521353,0.8744383607703298,20.827248427388874,0.8539117685291436,22.337341479778555
UIEB_283.png,0.5982726091284151,12.062624390897609,0.5947675897777567,12.829476072649054,0.7717270829175122,17.947000887310065,0.801554276387119,18.015179437220066
UIEB_291.png,0.6445877767927086,14.3567986402403,0.5533287171984651,12.749434902941616,0.7151565325705969,20.027588503088623,0.8217879776562604,23.325740216822986
UIEB_293.png,0.7105999098357664,14.060570238840498,0.5200786171342772,11.641475038478664,0.6384755436071515,15.862710602643089,0.6546518505067292,14.748165180885174
UIEB_305.png,0.8196398211096785,19.350124802927706,0.5764303383654291,11.048488204474962,0.6344892000172955,15.05485321638033,0.597001718852067,13.347684116221997
UIEB_315.png,0.6485190163338811,12.397378531293509,0.957941328697943,24.20258391069927,0.8849283816879511,22.358270041334674,0.8568230295119109,22.3575048649314
UIEB_317.png,0.7547591306937149,17.227774404938238,0.8277598833994767,15.668220490008162,0.838755704822328,18.958844999620137,0.78590436682198,20.103881786136128
UIEB_324.png,0.6956881497810826,14.246991263161554,0.5621390854824585,12.42547147597586,0.7325636189076783,18.365888621287983,0.7886086767305036,20.076904180137525
UIEB_325.png,0.6629812391148892,14.294414423857502,0.866796887262688,16.875416842990408,0.8786495873625656,19.47366932803626,0.808604452009714,19.421276044513775
UIEB_340.png,0.6087863490619383,10.029371371868843,0.47722225691205233,13.5882945082189,0.6712177729071486,16.026725098197044,0.7400959510026598,19.882608134560577
UIEB_341.png,0.8444639391458622,14.999632527472253,0.848654785982438,14.68660951292059,0.8541665830730332,15.345986144203259,0.8071761249641064,14.841182541279876
UIEB_344.png,0.8017344419655976,19.823008051494224,0.7718802543732113,17.017526925748797,0.8708764211971078,21.69914604104825,0.8259256352953814,21.16403583122468
UIEB_347.png,0.9165909162428466,16.618720987921954,0.8509355379415654,17.469006696503683,0.8505510205666833,20.16758348898201,0.8440182349712039,18.899422859626885
UIEB_358.png,0.7720086150903737,17.342580592293476,0.7810779040186037,14.267583392693373,0.850405586330178,18.684288621112234,0.8303458045279982,20.073971074045982
UIEB_364.png,0.6544817105734997,14.200769925504071,0.8557415810497675,18.253352821535714,0.8434526192773087,20.059035215544107,0.7852347222965923,19.091508596876658
UIEB_376.png,0.735460859273006,14.857605086608462,0.7463772267591814,15.290888200799078,0.8034155698017608,18.013430138416044,0.821497762660291,17.961493266567274
UIEB_380.png,0.7670416478117014,17.6338009371149,0.7796553564962042,15.881102659865263,0.876866223262717,21.584058047781397,0.8006701202795554,19.93488085878568
UIEB_382.png,0.8578106233952849,23.549177010222063,0.8711601967759143,19.439836789229254,0.8734906198807476,24.392430185801484,0.8056651814037803,23.87618417862392
UIEB_396.png,0.7462978439487881,19.65391476380218,0.7931248975015054,15.751906250837106,0.8419400408191193,20.697900187324983,0.7509199410672905,19.381597443109083
UIEB_401.png,0.8837296699031696,22.621232611682473,0.6229424405876123,13.876562126157753,0.6539644269894953,16.130654568665147,0.6728643435259865,18.115031460617953
UIEB_403.png,0.4313604332400593,12.476601340983365,0.6594993427272097,15.902251196736508,0.7193227861309891,18.521764706049396,0.6420403111638481,18.947288046936126
UIEB_407.png,0.46627497879735985,13.819990661892676,0.8087444767519782,19.391243498787485,0.8212010183877726,20.289504392821904,0.7211788312047259,19.990189172607185
UIEB_409.png,0.6288948463920986,12.721350856034459,0.8879005718909233,19.051802723798687,0.8843373607040929,20.487949346228383,0.8497789518396955,22.197906727163804
UIEB_428.png,0.8438555196758698,17.143055184885345,0.8825994711398311,18.059513921461097,0.915538661978689,19.841055417072354,0.8051021578572701,19.834279465433028
UIEB_433.png,0.6589188352223112,14.817254862997535,0.8715448327622809,19.016065897194142,0.8699577043343366,22.12199182333089,0.841044385878737,23.123053127757174
UIEB_439.png,0.9760149361897555,26.883369345030815,0.8527752376185229,15.949686364668151,0.8573203566021138,17.53991700429196,0.8518076349676806,19.304433879127487
UIEB_44.png,0.5686924033158132,16.751946240162244,0.8634111986750682,19.191996672117515,0.8927114238492772,22.561971917800278,0.8057935180667255,20.795811266973978
UIEB_445.png,0.9485951694708303,22.282968757927023,0.827440917310924,18.59692338417713,0.8378470342019385,18.77869354773139,0.8114434772153353,21.679125197009178
UIEB_447.png,0.5458002650981338,14.027291600199339,0.7820092092101888,17.81937460850703,0.8258887358640705,22.323338916878193,0.7386644828513469,21.206061533347214
UIEB_449.png,0.8789189345230554,22.359801414080557,0.9098383299550795,20.219048478416543,0.9109462036128354,23.79958152814107,0.8123499470145307,22.388509726682496
UIEB_450.png,0.4536112366894864,11.205205513964048,0.6693148938046063,13.33197024781091,0.7577619144243242,16.913666313046377,0.6870030657005666,13.207914232036394
UIEB_46.png,0.5713965153006852,13.964302571339546,0.8178898600567347,15.827517608719457,0.8506133623485453,17.78832149111617,0.799929915147095,18.572676164234167
UIEB_470.png,0.6611856914610409,13.845860098964879,0.8553945133585573,18.946876938931332,0.895164188446779,21.2147915204199,0.8484566586422034,22.69474842067359
UIEB_475.png,0.6065495378124041,11.670488552849276,0.45292179313538217,14.6729012901509,0.6792172220143925,23.03023742524036,0.6915769630748808,21.383294203973456
UIEB_483.png,0.9393888234186868,21.38077584642395,0.8356911610482397,17.6953576977318,0.8282908591663976,19.34017102089375,0.8707910399329016,22.350384938573225
UIEB_491.png,0.7213858396257694,17.61998888801007,0.8240617366320118,16.69937342491774,0.9078888892478773,22.479359813912016,0.8651309561630619,20.933686012515462
UIEB_508.png,0.7135435739507084,12.835276064743928,0.9436907172461332,22.947995329793386,0.8641161268322622,17.8406979577456,0.8781358710014923,21.463829297156085
UIEB_509.png,0.6940519336098911,15.846424361219519,0.9633701046763131,29.761142546355558,0.9239133335912807,25.74598806306284,0.8806135899031492,24.000698246933588
UIEB_511.png,0.7423338935290599,14.20281945538391,0.8157442085249768,16.09576125209202,0.8126362868616336,16.586032359057132,0.8104969791857383,17.407263085336652
UIEB_512.png,0.7493021283555521,13.151108655567752,0.9307703210556818,21.909324286500752,0.8441715737423784,17.5040275797915,0.885626793780721,23.079447639546377
UIEB_514.png,0.8076121005535573,15.604638815630596,0.8745631987000465,19.225743665065032,0.8809362672366271,21.530932592275917,0.8785711485431041,22.39294682140188
UIEB_519.png,0.8719496268724694,17.205140071518315,0.8556436763388646,16.791753096138567,0.8719508673435773,18.405068647492563,0.8305291702754682,18.574333734688967
UIEB_523.png,0.828146617604964,18.440578891212922,0.8832008221206715,19.049416304237873,0.8698668107379106,19.732120915831366,0.8243146154509734,19.76293400142189
UIEB_526.png,0.7370416954982041,15.743039497637664,0.8418496008422514,17.182563099367794,0.8629904589019795,18.055025579123424,0.7884677766587579,19.59854426686171
UIEB_527.png,0.5790512992283461,13.39258719314582,0.77942492635152,15.11885818328655,0.8123636176649341,16.950275769719866,0.7627860674610383,17.614647873093393
UIEB_528.png,0.6810246616429702,15.579176695591453,0.8288629281567981,16.743382916809736,0.8535231700473439,18.53223360503042,0.8086198945796587,19.44929511187945
UIEB_535.png,0.8284200248886245,16.841531842934295,0.8338191650434691,17.039942911898976,0.8815819838966593,20.39389730833188,0.8433657730430627,20.8972562534563
UIEB_54.png,0.6728843346942027,17.39310849397071,0.8199363147391248,17.08194818412935,0.8883536678098061,22.752926171175815,0.837135205827285,21.536044404780167
UIEB_541.png,0.655156478164605,14.397170125480528,0.8434411578684262,16.31851177950814,0.8759823536988738,18.869405685961965,0.8109973585742281,20.44404461168858
UIEB_542.png,0.7028526967299841,15.73291414294702,0.8603209272751043,17.29066943127615,0.8826874117342712,19.261350805385796,0.8405190585688986,20.846063219751375
UIEB_548.png,0.9621254785231353,21.090203913913005,0.8906792435157375,19.693823240496165,0.842319142058109,20.25148642007322,0.8628439732895812,20.95577552662852
UIEB_553.png,0.9120880858507011,18.196678682590765,0.8360816180341003,18.177182388842418,0.8817364683240895,19.559068327310396,0.8659757439878378,22.279297605656016
UIEB_557.png,0.7762096382659531,16.33377667945587,0.944423538516242,21.792602483844718,0.9126461217921239,22.637460043932602,0.8870812949299562,22.098247890589505
UIEB_559.png,0.859660112957703,19.91492686756495,0.9189890307452279,21.752304970898937,0.8751505058067698,23.38097507016898,0.8815201260522647,24.75138344560643
UIEB_568.png,0.6405934452684129,16.216301360733432,0.8826784365063419,19.08981741931193,0.9046451137779771,22.272185846717054,0.848356832871961,22.4100127506913
UIEB_600.png,0.8664390115844558,18.287899986602632,0.7906042762501464,14.366753728532526,0.788029026451129,16.672960979750005,0.7847351776496566,17.620217186545595
UIEB_605.png,0.972185494478259,26.88506597865657,0.8356952374041806,16.73172193220595,0.7987823006499125,17.784387214180466,0.8441767253601102,20.264746734701188
UIEB_606.png,0.9868175904227554,29.975437253491137,0.7777462340663862,16.744732138794422,0.79405510732929,17.585861777260988,0.7248011123333643,18.68135372675423
UIEB_607.png,0.7795470415103959,14.563410139709301,0.8554368603320676,16.610092252263485,0.8654616790552224,17.935720790057225,0.8375222667917207,18.515200636565112
UIEB_609.png,0.6162312443579042,13.883439036239444,0.8252149040303783,16.913231594514745,0.8815276469730716,20.29012302773318,0.8602243777282531,20.92935771013611
UIEB_61.png,0.6101987448718741,14.075766954082505,0.8060927686092784,15.004697296220527,0.8374140080269359,16.514778036564543,0.7986155545247396,18.015328266985485
UIEB_610.png,0.6593278739127101,10.384104459269576,0.6462584005448316,15.66424815780355,0.7362813228136833,16.365706169913008,0.7673293915631544,19.57194739069426
UIEB_634.png,0.3542091385323061,11.04508731602146,0.6866198805821035,16.694107414803504,0.6746538307221713,16.995620394100293,0.46623429425231305,15.648005605954776
UIEB_641.png,0.9723140683832749,25.7888020585536,0.8347463364201307,18.54744970047064,0.8583663358599823,21.57771914094388,0.8441212453528958,21.49569998730599
UIEB_654.png,0.9537844426783941,24.096145473703174,0.5553210548078152,11.488855077560014,0.6125427447181434,12.848048572740069,0.6647949555005848,12.416857045914874
UIEB_683.png,0.9055678574000382,20.20762205536139,0.7792682117758402,16.78382230128315,0.8141655398639438,17.680167545221533,0.7719747003531928,19.783763491359863
UIEB_684.png,0.8217317033138684,14.856698874828957,0.666778000285715,13.022669516686445,0.7206467862697253,14.859127295064301,0.668207482787023,15.04962993902971
UIEB_697.png,0.9571099671311787,20.54988918783141,0.8190898152745754,17.694244812434633,0.8436114260888677,18.552757139902067,0.8470019242355908,20.645418259822506
UIEB_699.png,0.8819081568597441,19.477772249360758,0.623686892868204,13.179077448218706,0.6814731419844332,15.725623828670205,0.6894451860715609,15.66169252570962
UIEB_708.png,0.7388845451659165,14.849752760216553,0.6541380783708818,11.639796252207312,0.6811802546759487,12.48331026213901,0.5681330435859683,12.45156036954588
UIEB_714.png,0.8859954103447022,18.555576045542914,0.9363101114173743,21.478632838851148,0.9272416422607197,23.25582654048899,0.7904217997074169,20.37502034838505
UIEB_719.png,0.9078677563514422,22.9814385244121,0.9334699403799984,22.323278885393908,0.928198481606405,23.59837721912178,0.7901969601536978,19.907523807616954
UIEB_730.png,0.8122423970962239,19.017913653435457,0.9691322810812514,25.427345032273635,0.9380947609700497,23.60942060349057,0.8746602157132818,21.75215034138148
UIEB_731.png,0.9924739356846044,27.772961199523326,0.7230822640615869,16.251511385703182,0.7671417956545351,17.063437934253866,0.7723660812928776,19.035294333321893
UIEB_732.png,0.8606854041181816,19.990048456592014,0.9411360330741408,22.805804167073337,0.9262088459274799,22.387428443438083,0.8037354062375383,21.525776889552603
UIEB_733.png,0.9615778482607649,24.387692658513693,0.8648755956141546,20.57271661171484,0.9078745099432702,22.556187722085056,0.8155774995016764,20.207788161525826
UIEB_75.png,0.8508232552366713,21.999197415617143,0.7910782736439201,15.450382177080952,0.825899148946107,19.84747353069253,0.8285326890177697,19.454749979521168
UIEB_754.png,0.5987842904290016,12.267275849577175,0.7005814942280394,15.025121999970903,0.789045670068302,17.071696001197747,0.759642771182785,18.133334242499096
UIEB_756.png,0.7833443044797295,18.802394323288457,0.9429256461269642,23.416155487374915,0.9367807282428405,24.13291780692152,0.8414350341038781,20.85736644425262
UIEB_759.png,0.5509187976590204,11.11967924163549,0.6744092662275213,15.010941519181307,0.7463797930772772,17.663013018503484,0.6458179843761004,14.949593737676587
UIEB_776.png,0.8909139075085424,23.66123614738255,0.9095948781038956,21.9648902419451,0.9053977470008485,23.37092135082312,0.8197095359996434,21.774068773518806
UIEB_777.png,0.5555508229302946,12.124887458688537,0.8840754967101313,20.815120508658545,0.8433965699830335,20.672459543998887,0.7158987429451266,19.61287763569031
UIEB_792.png,0.8819683091804649,21.06927651375613,0.9473254571589743,21.890040016834664,0.9347791771860104,21.376325970800266,0.8496924312957298,19.760760026969912
UIEB_798.png,0.7388106393629922,16.338871776523167,0.9505249039324476,24.65167848044902,0.9220817145315531,23.968776827806103,0.8705397617947835,22.67643881275052
UIEB_8.png,0.6817276276702232,15.86078667199092,0.5676860237860197,13.992952530744823,0.7583965338393369,20.87274831047963,0.7746457803309528,19.410068166888788
UIEB_802.png,0.9067801615895815,24.888572093394426,0.8848448749076638,16.31848226704756,0.8514972169791459,18.977603723705084,0.8072806581859315,19.38140373314513
UIEB_803.png,0.474591241764686,12.23031056366559,0.5128493202515624,14.803014947342671,0.6700777907651586,17.011857469996418,0.6989376824135679,14.979451485616572
UIEB_809.png,0.5804560464961216,12.5920993147076,0.8645401245011858,17.570407642638244,0.8458453083700337,17.849511082734082,0.7106021083523734,19.192317077737336
UIEB_83.png,0.8614636130698705,16.930995103694528,0.7028441305463083,15.486068479164103,0.8031904955875963,19.5179859302242,0.8148173323385773,20.764400059048796
UIEB_835.png,0.8291322713702876,19.7767213355141,0.8623086410154621,18.578810223771434,0.8859659598201278,21.188962663044506,0.866967183190792,22.982885329130546
UIEB_841.png,0.6754505153368107,13.448949390597802,0.8038421005893769,16.894032884069784,0.8102658808453436,17.673481633424956,0.7521081149143066,18.40930359118369
UIEB_848.png,0.612775819594413,12.384926130131106,0.8117491377796439,18.587035357685767,0.8138801840083945,19.345526424724365,0.8001678940692066,22.252706313879514
UIEB_853.png,0.4781231279414822,10.15976404123351,0.7836416694367122,18.467662858199702,0.758159354983269,18.554545312623976,0.7654287827095381,20.316981323956625
UIEB_88.png,0.5280086514853369,12.772480811992219,0.7880466556972817,17.14716951455512,0.7438158370125646,18.757286801181863,0.6753225223255074,18.652773463766078
UIEB_883.png,0.7990158139020188,16.530362739784486,0.8955976347673128,19.093785653071286,0.8658747696500062,21.227784031892774,0.8209931729059522,20.153514835213528
UIEB_92.png,0.6163286573007429,15.359933780911978,0.847601717721126,17.499928712042014,0.8973947682106749,23.166851049012436,0.8162245890341752,21.39481299600822
UIEB_96.png,0.42639610968214087,10.136305107548173,0.5069648908999175,12.328835572526186,0.66780353475075,16.526695316136358,0.6696764446010897,17.700922585061004
UIEB_97.png,0.7719224216194358,13.61832308798852,0.8979941665009167,18.811153619539287,0.9177349888521205,20.195155643301863,0.7698006538133254,19.58800134110604
