image_name,height,width,ssim_raw,psnr_raw,uiqm_raw,uciqe_raw,ssim_classical,psnr_classical,uiqm_classical,uciqe_classical,ssim_unet,psnr_unet,uiqm_unet,uciqe_unet
UIEB_1.png,338,600,0.7951004218423207,17.72211110675791,6.4379880498054645,16.645131740389,0.7754584915950532,14.671663097247386,6.473823405085016,21.781547804384257,0.8187149558598157,16.631418582024292,6.703435262170939,25.477997005788428
UIEB_11.png,338,600,0.7222400911729642,14.38724105229211,5.643006730246409,14.182967745429579,0.7419568421993459,12.660411773984336,5.714929045817311,19.033537398566402,0.7813425061158265,14.695385242523326,6.424316408943149,20.780752880082932
UIEB_110.png,400,600,0.8482230605247604,19.62427049144981,7.779926569924183,26.37991931530807,0.930545031575576,22.92171874031957,9.156343386233404,28.041466342598447,0.9133642212039584,23.190499096038153,8.580096806579737,29.580904346791748
UIEB_116.png,386,600,0.9285458892250578,23.148124305987913,7.99028844569787,25.437725865073055,0.8161895050977336,17.56386366841496,8.09507609226109,24.638407842691247,0.81529373357672,19.745275854103838,7.913346428782931,28.21846681274944
UIEB_117.png,450,600,0.6182283681052899,15.727419124214148,7.742731319702819,17.361347819634016,0.683013759709885,16.52483287869236,7.415275108220394,18.746349457317862,0.7802671839178438,21.526809510925943,7.698962119311233,25.555797369245408
UIEB_122.png,450,600,0.7923011541240954,14.978113560983545,7.5841060175779536,21.994992127098065,0.7224335613314027,14.352697322520765,7.519677247754838,23.062670263701094,0.7690906354152346,16.23740338638299,7.601310120953659,27.939008990740454
UIEB_127.png,450,600,0.7342996490367698,15.151747358977325,7.797577135624209,15.164007491715251,0.7378244092966216,14.962313871091945,7.581384884804981,19.474903947367594,0.8057489935429176,19.00812897974958,7.720329034486537,25.037520389990174
UIEB_129.png,398,600,0.9112564075028465,20.1411240740293,7.727111587360373,25.689049968399345,0.8007893775217814,15.9042914145206,7.772631992759871,25.880832734940473,0.8085882181753706,16.297264935789684,7.880268422974427,28.278940366323432
UIEB_134.png,336,600,0.8382542183161442,18.25697365022412,7.8019846552169225,28.35413465530711,0.9088228904022326,23.466609724750715,8.896739939876893,26.844878061338527,0.9174500077489084,24.493123246457905,8.575065945642702,28.814552291223407
UIEB_140.png,450,600,0.8061689891664273,19.73431725159832,7.3253862519378945,24.161286481555837,0.8282141214519047,21.43430281655459,7.896652556463909,22.892405934898605,0.8676206168205131,24.045704884343394,7.737857943830982,26.339141975906003
UIEB_145.png,450,600,0.8330742196639269,20.2654868395569,7.654615370925187,23.979894232709814,0.7976235959762779,17.031106402258704,8.396688433979994,23.901853314813128,0.8324138119262935,18.485802991209372,8.28624188631203,26.517637914773097
UIEB_150.png,450,600,0.681029552036029,16.462204925824327,7.503789312524142,18.91470485693022,0.7790024411311262,17.092407790623735,8.40447412151008,22.853927353449222,0.8342307955621765,18.77712413569622,8.211658817999773,25.6005911155687
UIEB_154.png,450,600,0.7778267825865285,17.848336183650257,7.64813472521301,25.613587348783703,0.6726746728380882,14.1144817219611,8.106297180489006,25.3905040187891,0.7536036622490725,16.726484111879504,7.656926457162072,28.483039918735837
UIEB_156.png,450,600,0.7913932816989179,15.609709997986997,7.929393327043972,16.274247366138724,0.8167663691269077,15.82893854698175,7.934757144752036,22.58269610105414,0.8465218421473907,19.5522936567786,8.019489655371048,26.29072409688469
UIEB_162.png,359,600,0.7845817243671774,19.371548753964145,7.437044966505225,25.524658531594078,0.6262872308768233,12.884046795041007,7.4671756203848805,20.894431724288317,0.7540532815782951,16.819461257210055,7.411837056526339,26.817616486293606
UIEB_170.png,450,600,0.7010250179957773,13.51572696385312,7.518376420194201,9.113177621183697,0.7204274328132808,13.36455096740908,6.876258310266227,15.287944458645025,0.7626703477657437,17.05286053147043,7.354647148859117,19.344713031766606
UIEB_177.png,450,600,0.47306337527973336,14.257438614921032,7.813077784116228,10.869194633838703,0.6083827569929277,17.109414008604936,7.569205174360491,17.853919891276167,0.7183758481172102,20.538627167565096,7.7349721139895165,23.071614380546595
UIEB_180.png,450,600,0.6588028362941,16.13945085782136,7.0729409493244635,10.069976794481477,0.6845856719772025,16.914123012215235,6.202750758644049,13.290900922474858,0.7485103268345448,20.786807270630486,6.8464765043646265,20.112128497120878
UIEB_188.png,450,600,0.8377333278117584,21.911838834466053,6.863038723742247,15.840233310216776,0.8207167375507473,16.684810010738875,7.36388237447112,22.41643100022635,0.8685092636072489,20.738950115813545,7.321710377048821,24.063264697032967
UIEB_190.png,400,600,0.908518285112577,21.06774061465555,8.045445555668286,28.916361120560516,0.8977715474481686,22.908988539008156,8.552001783888201,27.350475929640012,0.8849983681916043,22.13686126912616,8.345078656721148,29.192261723476935
UIEB_193.png,450,600,0.5485790578706967,15.064346674411954,8.1404423756321,12.446093892743534,0.7067830586694089,18.449976768789902,8.17644204423383,17.45479849832082,0.7851141475067126,21.8630279974481,8.147304683073113,21.638924034227173
UIEB_194.png,338,600,0.6197879869960703,14.62056845668895,7.397725371876254,18.938255738711632,0.7094266084351636,15.080762865189781,7.731320470851305,20.905448343085506,0.7624524024488596,17.8259517689988,7.686294043461988,23.33829099148789
UIEB_207.png,450,600,0.630732415914618,16.604783484348907,7.516413318338577,16.183014625548584,0.6810290860056166,16.7883100522075,7.2133317964780215,17.453552023576393,0.7884194554294736,22.364043132261337,7.457445140462257,22.693754708068177
UIEB_213.png,338,600,0.7412284234062502,15.64837331418092,6.637421566984287,13.998309440594136,0.7341986042664846,14.07756198497072,6.669442960473372,20.362724483038964,0.805555635476817,17.81642271336511,6.775492043628759,23.005365441272073
UIEB_215.png,377,600,0.748806054613333,14.785244239794222,7.419356501438235,26.49857736795986,0.8112517466771578,18.813462959270584,7.456447219305224,22.2348938328271,0.8045651558625639,20.398036955134245,7.4931491248021835,27.680719796612287
UIEB_219.png,349,600,0.9625465577838189,21.011719809937315,7.057015258417493,23.124603711825372,0.796836549994092,14.733078551209049,7.7957927500824775,27.606181392644576,0.785439952883556,17.472226094428386,7.767121706984833,28.931445723472507
UIEB_222.png,403,600,0.6977921982584739,17.542554590796744,8.057300020678097,29.76228164855451,0.7897982067649197,16.666972847972225,8.701295444342003,28.812091168284255,0.811680631386765,20.754665343882333,8.2283925692732,30.093705765408657
UIEB_239.png,338,600,0.8913430881867997,22.186552988185557,7.4095867505353326,28.964436070106547,0.8798189503464154,18.693810791710625,7.681752155490643,26.086331305352775,0.9106859559405907,23.557651325731843,7.7543084932890265,29.869012461616926
UIEB_242.png,399,600,0.9117685462014057,18.046901051956933,6.621439761380022,21.422012893713905,0.8357167744343815,15.410829078324541,6.590947640819743,23.961442412380975,0.8611127319365258,17.60123763569349,6.776435502412938,26.740033428613025
UIEB_243.png,449,600,0.7287441736422368,14.735504922262301,6.99320564273137,20.81323693889844,0.8381559312032927,18.84020244057804,7.830005581210181,24.510249474086546,0.8560131912554888,20.075153715333975,8.054048468996639,26.117647751128914
UIEB_248.png,338,600,0.8455325553647283,21.145594552736192,7.958340982217015,28.208513316431215,0.848982472729061,19.416671637177465,8.252819422095522,27.89119943520594,0.8869647755877127,22.407312494011343,8.122845092120844,28.710864916200514
UIEB_267.png,450,600,0.8727109298957831,19.59223834005533,7.115071168576834,13.267206807430053,0.8868364181182967,20.75374068600742,6.096005649448872,18.53534429922837,0.867858453201593,20.333026815128488,6.71481462125854,22.925429976401297
UIEB_269.png,336,600,0.9287777196832177,26.097097299144913,5.829279401392677,24.16067405148546,0.7540420883991171,13.521349965204813,5.779999408674381,18.812617694555485,0.8138819376820097,17.457769081311895,6.395101308502781,25.38845078622361
UIEB_270.png,399,600,0.8650680402872566,17.18054809665026,5.975654188577499,24.35744792341893,0.74417566930173,16.357404147519826,6.578703680054682,24.15389973028567,0.8114250215473092,20.047843087061356,6.4386453030029696,29.227761394935523
UIEB_279.png,416,600,0.8797400110920766,17.678958518220917,7.0204240441079016,19.969532542428443,0.8801775630004999,18.076340954965975,7.47364603407056,23.819002628999357,0.8714370757094615,18.974966360354728,7.547162451673232,27.378275201131625
UIEB_28.png,400,600,0.9307249870946067,19.036939642341395,7.330804128300699,28.875516098496075,0.8257028326527549,18.14650332330856,7.838815083453706,27.260887883973353,0.865388767887956,20.585718820474415,7.286581537140546,31.551111502522065
UIEB_283.png,416,600,0.6123471601187326,12.04444207238111,6.3366660257267,15.577949326119205,0.5979063025138625,12.404678098516955,8.609048001454624,21.743159983184306,0.7522853824846668,17.770863277207766,7.483705902533618,23.893243246691316
UIEB_291.png,449,600,0.6544498210160695,14.34607728544973,5.895606154646954,20.940273691286453,0.6188271050912186,12.604899276048558,7.390538884529315,23.328838410314745,0.7590125510773139,19.895773604834858,7.14949975418668,26.737326071254724
UIEB_293.png,399,600,0.7202949931429763,14.034419864211742,5.952817544550749,20.915374164927208,0.5363011024619833,11.398107371048397,8.109590676807857,23.131001013598624,0.6270984866665609,15.765932049096701,7.3511415667059286,24.555023656652565
UIEB_305.png,338,600,0.8337061635097139,19.191379397241334,6.043203876506344,14.291139645469835,0.5800232043908531,10.980936241509035,6.842789971387034,18.04401481576014,0.6446663688757099,14.96158913248787,6.942673371128487,18.389336224419093
UIEB_315.png,503,600,0.6789526056387465,12.356123372668055,7.0972860539999365,8.5266606776334,0.8963571348860411,23.9313856866902,7.7013431708455515,17.305027420844723,0.8647253790523527,22.157202116790103,7.73380403724773,17.98290414141026
UIEB_317.png,401,600,0.7854333463681512,17.08554398303365,7.801417658210327,21.205216125955587,0.7980870210654607,15.563288943233433,7.641634121801807,23.063346639290252,0.825882579737491,18.790483765870423,7.711217594215574,26.992680862229186
UIEB_324.png,402,600,0.7049010117447104,14.188341872783221,7.74126958030854,27.857340243521552,0.5263282553357684,12.08075146251298,8.239869451784443,22.074882540662934,0.6885409055537642,18.096738601589706,7.771893209458471,25.98308084525815
UIEB_325.png,450,600,0.6865070425884153,14.174145796183632,7.571814075922212,19.208693840012113,0.7879911922327456,16.709495787882584,8.493762666616606,22.894475013326343,0.8220507762724929,19.26769645130715,7.999852694878299,25.481800548825422
UIEB_340.png,450,600,0.6089819471878966,10.023873409630026,7.177906745861897,21.368395784246307,0.457546661377235,12.929200661346222,9.469740261197707,22.45949610129479,0.6326077953610327,15.912450971088477,7.896947393705336,24.882253687985884
UIEB_341.png,382,600,0.8545752226525357,14.958655585642314,7.162176599140261,19.537116085841095,0.8513455937711817,14.589204472244326,7.785009924471079,24.57616302618067,0.8474275323987497,15.285938642692024,7.730694594633749,25.36219832839188
UIEB_344.png,375,600,0.784475810948562,19.654978662369732,8.076703007713661,25.716587263266398,0.7601295846250995,16.645706936024922,8.435999978269654,26.29776981955605,0.8282912658221413,21.08528901528051,7.705828222011709,25.77244790306553
UIEB_347.png,374,600,0.9185417913499777,16.60836227596762,7.237601878413766,18.968176017750295,0.8652316687498917,17.367253225138477,6.784730239540825,21.916808115858803,0.8620867780797363,19.944389267621855,6.957681707891557,25.3510687070178
UIEB_358.png,450,600,0.7814285649288834,17.303936110996073,7.751289346946411,21.74312693693587,0.7832706429913617,14.204933084142336,8.028310790047087,22.805644645291057,0.8404741032112812,18.586810464109295,7.705975309417803,26.996634433609806
UIEB_364.png,338,600,0.6905485749042809,13.969518269788455,7.304956863933162,13.37308180043438,0.8550090474369364,18.024872680196594,7.946033350810801,17.66767514640475,0.8513732340789361,19.661865250728138,7.643975049682765,20.8113194207958
UIEB_376.png,450,600,0.7474836559704509,14.814543574403274,7.2409805951689306,25.395367127654072,0.7373302124501867,14.859726463591292,7.968450530519519,24.20315688086927,0.8190836546932306,17.854646480885336,7.586792459312744,27.66447280848168
UIEB_380.png,450,600,0.7308146369641385,17.39903774631393,8.607401781138257,28.053494189595384,0.7333021028258457,15.626242254841307,9.035123734122376,26.678657432192214,0.829911561632341,20.97878214572504,8.677624717901088,29.486806536578
UIEB_382.png,300,600,0.8485466065344175,23.306526685159564,7.589590485074312,25.617740829149287,0.7971262190046793,19.297864284819774,7.5432978958970915,24.222124675282515,0.80551558198541,23.967512742469836,7.5547707089209535,28.694814740034996
UIEB_396.png,400,600,0.7093988961101304,19.2724391539662,8.141959696501974,20.81262788202366,0.6415250399319008,15.569618947851104,8.195212104261657,23.53944539437605,0.6867579239373224,20.143988341246146,7.967119980050032,26.65323337903334
UIEB_401.png,335,600,0.8734346259172737,22.479892492936067,7.097369208948329,26.714068251912717,0.5935281822492778,13.779479811124421,7.127756753841788,23.606037033146368,0.6252621322251696,16.034985316628767,6.877903013200669,27.938100116726993
UIEB_403.png,266,600,0.485941004423098,12.346552559369716,6.816618802488843,9.48926315858971,0.5784233093763574,15.659839094434378,6.576313560850395,12.686133496740041,0.6667497870587514,18.18983811922815,7.072164531809959,17.91028680626104
UIEB_407.png,450,600,0.4855957393481194,13.558453438697542,7.224919295119145,12.184353225149202,0.6690250942701477,18.751061898732402,7.729362228320442,18.325810433226334,0.7288398538894341,19.676599741774044,7.684385790262757,21.07391702625147
UIEB_409.png,450,600,0.6643338357604075,12.656793720606478,6.96922460997185,10.935483180672705,0.7953683358537992,18.870603300244277,6.7918319669485765,21.68892017841275,0.8149548776612283,20.26644114554592,7.0916340815314385,25.083249548153375
UIEB_428.png,449,600,0.8251762212283155,16.903391454189837,7.671206020696293,23.55503792723092,0.8466131622330598,17.680028493005043,9.451594845602926,26.307147027475363,0.872144880207658,19.450010577213458,8.62552729990216,28.75317494226419
UIEB_433.png,450,600,0.6819171799286847,14.688642650976613,7.631603102027389,15.378473170228975,0.7711788885744366,18.78637523577223,7.2215648876847505,19.927428111598367,0.8059991759112674,21.70151993365726,7.538699456741856,23.91170579586594
UIEB_439.png,769,600,0.9708774254494853,26.77349254772104,7.333955526501162,31.65950696324775,0.8478428898035228,15.783280260990287,7.32250037435614,27.78812492071516,0.8574014445788313,17.340038066209377,7.471205506449395,30.706104453897186
UIEB_44.png,450,600,0.5928949330400974,16.42736779912488,7.775213304551657,15.535825880445579,0.7456885525583764,18.816544629234283,7.668725316823019,21.99870968207764,0.8076754160989434,21.903674092441104,7.936378389819131,27.17435844121912
UIEB_445.png,450,600,0.9471813953118301,22.174460764645634,8.09622262840307,21.836116356950743,0.8411889903705427,18.391939066240344,8.327786786492442,23.967547637052732,0.8280902733895052,18.528900293824094,8.15311660890335,27.852472246210183
UIEB_447.png,450,600,0.590184027102527,13.930873465647231,7.279314285788366,16.694485383089603,0.6553998736182121,17.6289553013326,7.0034264510344135,17.60479435103535,0.7265517047552018,21.85856368647996,7.3347179393199635,22.371409722940886
UIEB_449.png,380,600,0.873861144379856,22.110736008607915,7.960508506415684,30.369118393816787,0.8297395839239142,19.872314987698157,8.484110341837559,28.755188470461107,0.840485812199641,23.108820508990064,8.02909666209095,33.43960220383898
UIEB_450.png,339,600,0.4695510576033725,11.160042294619078,7.143056110332784,17.4224034897471,0.6339596524967611,12.773183902597475,9.519766244939705,23.552934334993044,0.7297101927544382,16.71154487255383,7.868113335390183,27.534372039201887
UIEB_46.png,450,600,0.5733594320551417,13.78750863183335,7.676309337778783,13.45033424688153,0.7004335460100392,15.635339289919191,7.713953098125739,20.141337150874566,0.7681933458129806,17.54838008359576,7.961401542950392,23.451459489714125
UIEB_470.png,400,600,0.678911444815713,13.814340605518963,6.924163612233485,17.53536189800068,0.8306762844704405,18.78785739894843,8.008435749202697,22.17141144778692,0.8647667249256701,21.02318013343271,7.789596859541019,25.045631842944438
UIEB_475.png,400,600,0.6318014284709105,11.668209154246208,6.18568711776849,5.925529426723399,0.41069357125620165,13.505111262132257,10.688014209769758,18.104804792926547,0.599292092107869,22.540730873464426,7.644088488226808,14.06582354717936
UIEB_483.png,450,600,0.9506972836013589,21.371983467871424,6.373138043077579,20.645982878526045,0.8771059541638513,17.672106182441564,5.92141242352059,21.047902813800636,0.8779150243318908,19.29569416092223,6.468003196144864,26.261050602705893
UIEB_491.png,400,600,0.7306856357373058,17.523657202516333,6.7810023192752915,16.47185055001933,0.8026812518419014,16.523892104323153,7.830558272018803,23.73984746103678,0.877661459389843,22.146321052255594,7.46303599943697,25.621471580207803
UIEB_508.png,400,600,0.7353270701734358,12.821843315759384,7.0158128417479535,7.970417118423375,0.9127549272873198,22.847069129384543,7.447346636123379,14.939234420246217,0.8626914860697816,17.80364008311777,7.497444686936817,15.259332698202066
UIEB_509.png,400,600,0.7354432256961525,15.771208746371055,7.2387746398653805,9.486359006742418,0.8865507634739075,28.817578468894844,7.472433615293955,15.564478168202331,0.887813045216672,25.412713631233068,7.855905239223771,17.80265896369136
UIEB_511.png,400,600,0.7713609616829175,14.183980294108547,7.039880567097663,15.83327263464392,0.822897471997858,16.06437260787656,6.7143529143732295,18.799207359798803,0.8211663251227436,16.551185016697264,7.07647830257268,20.121327729170485
UIEB_512.png,400,600,0.7826412198808587,13.143305663439568,6.87687496631488,8.975134146199018,0.9187788125813672,21.860370885561142,6.978318891035817,16.162269481706304,0.8678503233073714,17.48055173068448,7.041930693585354,17.56356579267337
UIEB_514.png,400,600,0.8326486524652971,15.597035197240745,5.86950118733659,8.61335233346674,0.8789816765595639,19.20878748240986,6.413558168624421,15.048106638379675,0.9027901192358846,21.486362364683863,6.624869153021476,16.640949636900483
UIEB_519.png,343,600,0.8805668274208435,17.138201625030078,7.304415787497558,20.336431172470633,0.8661076606561698,16.615941846010337,7.821628275388099,22.770155299642024,0.8753679070014629,18.25351855989708,7.599343406495229,24.501284685238005
UIEB_523.png,450,600,0.8348371734596238,18.199639440303386,7.483465770788941,17.409204394737756,0.8567410883206725,18.853233027984242,8.11976780239289,21.204075695887898,0.8501605521197778,19.503225538313465,8.133675968688843,24.824209660244176
UIEB_526.png,450,600,0.7269390008428852,15.525768922499983,7.475403252865555,19.952755679805744,0.7769363049644381,16.92010505072448,8.336758842683704,24.148330741331133,0.804658017685394,17.78285955683544,8.109940760512226,26.15021505723668
UIEB_527.png,450,600,0.601475894304055,13.295960500958483,7.142333172229421,15.122431525290452,0.6996907418473913,15.013336525874035,7.349414167103868,18.64295178217689,0.7580996116001937,16.821441211451166,7.557265193223325,22.918889789842137
UIEB_528.png,450,600,0.6887683900627667,15.434278710189986,7.044704888128635,21.19035828452683,0.7646421479782587,16.615808111083727,7.468885748549993,21.33711691810304,0.8041055238604394,18.36271815397934,7.526298868595061,25.816970372672138
UIEB_535.png,338,600,0.8354804811003289,16.77820290351233,7.602224785773016,21.35409657669203,0.8452970594292418,16.93436550539648,7.799372333563244,26.02471979110916,0.8781915919614525,20.205997003593943,7.816924235632808,28.54292749145151
UIEB_54.png,376,600,0.700917808399697,17.217705021496577,7.333627354674011,22.0266489665567,0.7195063754506944,16.950321751483607,7.275759072314805,20.76873570622201,0.7926200732793524,22.25761740596749,7.364058904456437,25.487388157863624
UIEB_541.png,450,600,0.6580490389849348,14.28416639835011,7.196551674395359,15.75412073398807,0.7675766003778267,16.21634888200745,7.648694724621334,19.45234529358627,0.8225733964205891,18.72182070405931,7.757655857299758,23.12265213878223
UIEB_542.png,450,600,0.7042082835746832,15.588370281360017,7.121078995885771,20.50040525994297,0.7978769403397791,17.16679870103132,7.706880912305484,22.331383566403662,0.8411251232708254,19.106510432968538,7.890126578370336,25.26686664440664
UIEB_548.png,450,600,0.9712558454318891,21.082907616529845,6.072572225515803,18.302092236219156,0.932280195480002,19.65851438653164,5.582968187979743,21.749673124454894,0.8986338094326364,20.21677002146457,6.1487564956003204,26.429045216690465
UIEB_553.png,374,600,0.9127746943739176,18.13177816464698,7.445725996235042,23.776897652471373,0.8172481076451471,18.01466735353433,7.750994712260161,24.334979650277685,0.8472645595161739,19.2961572332651,7.3012374445261745,28.505355922520046
UIEB_557.png,450,600,0.8113811435998678,16.28471691832742,7.131571511802139,14.785618858278532,0.8857370037254059,21.668603581718653,6.808734842342202,18.415701015033843,0.8905967927164288,22.513129439701256,7.186841645930168,23.79650231853997
UIEB_559.png,450,600,0.8895744144398979,19.847874053934888,6.851373060283767,9.267405429464212,0.9141672696983006,21.677632231100596,6.659325537904212,15.45164453087904,0.9003161200055381,23.25727826775863,7.044969007450073,20.164140738604836
UIEB_568.png,450,600,0.6521556305135493,16.058107577995624,6.998309048739091,17.728597671198067,0.78397066919424,18.895768731779526,6.901529966698963,22.069182591448786,0.8332353792205586,21.934554493615366,7.415059557081456,26.686816492080382
UIEB_600.png,450,600,0.8743726300525777,18.26429356463631,8.065992737707822,9.193688096150563,0.7806888888758755,14.347775435568513,6.833956353532814,18.483012482765446,0.7981726170862563,16.640285258178473,7.210660428891653,19.517103711033776
UIEB_605.png,321,600,0.9672051249930265,26.84569977411259,7.587535228815239,25.244392638690684,0.8476082677071929,16.69750948419875,6.841035981769082,25.676729417889238,0.8162518393441944,17.728824076681185,7.165265852367842,28.330442920450256
UIEB_606.png,432,600,0.9829232290180127,29.63780904241944,8.237356749931516,32.71506646353035,0.7825690607443093,16.46985554438341,8.803322228359255,30.471681029057645,0.7831685704599035,17.28056412851696,8.499346091418957,32.96227800846561
UIEB_607.png,433,600,0.786635966446442,14.522704449666916,7.862634143682648,19.219125675316555,0.8475372224558025,16.51964398488252,7.805595485496118,23.56351388198754,0.8544634735151742,17.815876562550855,7.590472175863313,25.781109972190123
UIEB_609.png,450,600,0.6492733885223724,13.845469337492906,6.969353366833838,13.782442710027938,0.7977184638207798,16.85265841181042,7.519288345434015,20.112438956186704,0.8535901374959396,20.166160164308078,7.5613768285123095,23.13028918012825
UIEB_61.png,450,600,0.6149509734422441,13.94609276452353,7.679464837671925,15.498758516623814,0.7034396724078226,14.874610372598706,7.615067663271689,20.11075008629695,0.7621041235841498,16.361433807684186,7.8350546519865905,24.828860040202205
UIEB_610.png,451,600,0.6678640991104127,10.377239919178315,7.079851914374211,19.314926688460698,0.6853337061005608,15.558772906898016,7.603802837213339,18.69850399737716,0.7417919413026494,16.305139729519126,7.4673423549190945,22.272081890329154
UIEB_634.png,450,600,0.3329462553990856,10.53114218939565,7.2969504592234244,15.62489243973921,0.6324017513793682,15.917432530904627,8.008252087691105,18.452062815938557,0.5729935844079262,15.646108816883439,7.626684886796083,19.17067326494835
UIEB_641.png,414,600,0.9712529053764589,25.647733339887747,7.662904802381617,28.17149618769447,0.8354348026905248,18.279475852458976,8.096471244048569,26.795052095245087,0.846344461310858,21.183781036536917,7.915029921060784,28.79494289371601
UIEB_654.png,711,600,0.9506401536073744,23.92407653743333,7.245677307378076,43.164553092985116,0.5629641947734108,11.385214052975734,7.6656615826830174,28.901198953874044,0.6185095755488295,12.749466333184191,7.2028476561110555,34.58284273456112
UIEB_683.png,413,600,0.8899465232561034,20.1068727495065,8.02039331452451,31.226698633516225,0.7509398771887942,16.318658620295178,9.111607002551645,29.340963349555054,0.7680103740743847,17.298195043095102,8.570072877194848,30.30871049137418
UIEB_684.png,321,600,0.8450167241812752,14.83428305898131,8.055862436361164,29.425180300099846,0.7018158641541716,12.906531879967725,7.884517814349672,29.055606135310622,0.7411656235702253,14.738329666273735,7.81371123980999,29.890644821523473
UIEB_697.png,421,600,0.9605208644921,20.52596656669973,7.736079094887945,31.692919132735767,0.8140291156700036,17.563398707574564,7.725918164018926,30.870265458763054,0.8219801272879081,18.402404624516432,8.050735071405796,31.42358983202602
UIEB_699.png,314,600,0.897359058350681,19.447495131162846,7.569203308038704,27.235978084318287,0.6613571364818124,13.098683031945935,7.546731353699813,26.138232797250478,0.7083046169694192,15.59923868337469,7.459726286749546,28.839573479018796
UIEB_708.png,760,600,0.6839487155098157,14.66433874661417,7.142359045226363,30.973514803123134,0.6059312662500895,11.392085803175627,8.635269214010439,29.54952511503325,0.620105631484784,12.218697265243279,8.113221437226308,30.70612761885321
UIEB_714.png,319,600,0.8767569294400587,18.307692047808125,7.413099524326999,28.724486365480644,0.9010097083386498,20.986200253152315,8.659022503173373,27.14432194665839,0.8774507061567999,22.262667871097086,8.166679226190844,27.795623306942634
UIEB_719.png,448,600,0.9196321144806888,22.424991805930045,7.762080036288401,27.271865332528424,0.9165634534254125,21.506621172214896,8.924148391723744,28.57336740052631,0.8813465691429597,22.20213144810856,8.330229978727697,29.89717030669999
UIEB_730.png,450,600,0.8176704089690238,18.746837297987646,7.466655429462904,16.458946822411754,0.9090702158610081,24.905164813089783,7.873944329428671,23.57987641827243,0.8996909412717938,23.233637596652244,7.8609654452084,27.31721787128024
UIEB_731.png,432,600,0.9911961896347469,27.697932273956596,7.954076594516393,30.291103101193595,0.7309663269146536,16.045677236577532,8.658524929490293,28.256960095716607,0.7490226014084147,16.803458826546823,8.4779062892048,29.792753656738135
UIEB_732.png,432,600,0.8677350332732127,19.703378015585734,7.991046410356787,30.122676552997163,0.9062683568185381,22.245565850280972,8.379991768271172,28.155043397328065,0.8853396344843306,21.842285969770078,8.184597092694407,29.531208398976677
UIEB_733.png,420,600,0.9589117161392123,24.264042371553032,7.806758441351812,29.048142856980935,0.8557940381686965,20.205496234062856,8.470204394653305,29.025678109015963,0.8879194210600976,21.891923934880392,7.888141402545438,31.12523879130487
UIEB_75.png,450,600,0.8493350171198236,21.792457934133857,7.761776996369842,14.999024640725871,0.7762027223324853,15.384458892060902,7.156225079247818,19.835215495499778,0.827070986942012,19.696104513623954,7.37150299871096,23.84866949096008
UIEB_754.png,338,600,0.6010157205106944,12.212007871467714,7.639451793825536,18.62810949713813,0.644655089222785,13.694741118659103,9.343008675852582,21.643923268295072,0.7492804943976176,16.819478725509576,7.890842462906594,24.550666497878712
UIEB_756.png,432,600,0.7834596027175552,18.35929708699061,7.379758774836132,22.822537310961465,0.8477702012234184,22.59479260772504,8.36491863781212,25.016835917846166,0.8512224276111054,23.119183350828912,8.069370809091827,26.773359238364545
UIEB_759.png,338,600,0.5535329003049361,11.047787815299934,7.209100819914184,12.953241722108437,0.6150255452369264,13.075361423018006,9.189855654717816,19.57339798991114,0.6984654521919982,17.265155553326515,7.593673581484991,18.970969501086646
UIEB_776.png,301,600,0.8802068143839755,23.131061599812135,7.663301237200364,28.97930898322814,0.8315070405132773,21.615798695954393,8.293768791519827,26.80088529293607,0.8497613047175475,22.873498473307592,8.142118055368345,29.09182730016804
UIEB_777.png,450,600,0.5402412369322409,11.874762014416513,7.371895194063143,22.7423900567452,0.8003465707550766,20.172470285076827,8.21571210207257,22.90771965168156,0.7720426548834229,19.694381764972405,7.965210209296444,27.059413868343952
UIEB_792.png,301,600,0.8861532127612278,20.62178888514333,7.748804348395415,29.0357470929599,0.8967666900408128,21.383838440882702,9.105920207194742,27.877432400185352,0.8689291866203323,20.84699980785384,8.736502910528511,29.009110451555312
UIEB_798.png,308,600,0.7535854193830765,16.134421894605328,6.995563323358707,16.60527460302645,0.863607969201955,24.02113018105368,7.5318546468485446,21.053125568661287,0.8698934513161568,23.529367590536157,7.358099749767643,26.718698270373334
UIEB_8.png,404,600,0.6818069700214321,15.852362259620518,6.953815877720545,23.202344249665124,0.5816036181849472,13.649184503121617,8.671626172952143,20.881834480572383,0.7441417108725528,20.66444068473327,7.823933532782075,25.92253053737908
UIEB_802.png,327,600,0.9115264323059186,24.6606870971766,7.783873287962673,31.226647770475434,0.830975025559308,16.232459856220398,7.658414840825262,29.097794338615092,0.8136412074949738,18.819476490628638,7.909918797743788,30.764168569446788
UIEB_803.png,450,600,0.49120945352855155,12.221999945419014,6.946971642515266,18.452453324115844,0.4209328721826833,13.634680806149827,8.806670556896975,20.75515074898327,0.5859181113261372,16.812741074397948,7.602051703050365,23.652694779673965
UIEB_809.png,367,600,0.5680966870434786,12.31951691143453,7.403478434757811,17.610458267665493,0.8131489297988082,17.084140469341705,9.082299369329675,22.713098538022557,0.7890533945803023,17.30483604150484,8.108069469917604,23.857573694577024
UIEB_83.png,338,600,0.8641294728372227,16.888688617640607,7.545571754568508,30.99486635228309,0.7179127199889036,15.404585265564926,7.202561701847771,29.681296067890923,0.7905285392059032,19.368112689409735,7.435265556161366,31.326351412383655
UIEB_835.png,338,600,0.8469233107995112,19.68196182054917,7.494160732668611,17.413988348579167,0.834326914146839,18.50125825633939,7.371688521237765,21.63127510560003,0.8720741608797974,21.05069261417649,7.675890145280188,26.244986301027613
UIEB_841.png,338,600,0.6720106357111094,13.361700128901974,7.9226966964429515,28.506280956451313,0.7814965036995347,16.764792402327796,7.8557081546925405,25.85674217382598,0.7752129459077359,17.489470557126833,7.816522564126967,28.980181475461087
UIEB_848.png,450,600,0.661614285997067,12.358328624338583,7.062364571151056,17.91170596015708,0.6901996058334467,18.455881541186173,5.809982011493118,15.68600224369741,0.708498927090432,19.18991539513322,6.435740656673626,19.777006178638164
UIEB_853.png,450,600,0.5308750367925463,10.13609090323023,6.986416889282359,14.912157265776758,0.6498214415949121,18.29972217204921,6.022430125694735,15.41875466135877,0.6540691397212237,18.375263322144033,6.546321202642694,19.031010500142955
UIEB_88.png,862,600,0.5378818633625086,12.640212228787995,7.3070300616633155,10.906791814400751,0.5931599670522347,16.798634588837146,7.546458256396803,19.473180170376168,0.5692547203479136,18.200636406180646,7.26207793586425,22.143955741911153
UIEB_883.png,338,600,0.8157440862062374,16.38895092963162,7.098425811328248,24.89524453410457,0.8676339233821165,18.97390346869762,7.3373489278678585,27.578063569477347,0.853718046410573,21.03479555359474,7.545507258201177,27.943027945923653
UIEB_92.png,450,600,0.6370983838873485,15.18253476336535,8.061005062974415,19.2575632287397,0.7501290717067458,17.297909844072827,7.820306006843456,22.62425606022345,0.8194328085956997,22.540995877389264,7.915535017137659,26.24990507975108
UIEB_96.png,376,600,0.4369979686162156,10.093821746434175,6.897064697933488,16.447708940200485,0.49446456681607676,11.800097518517374,8.72980684090339,20.682279024333706,0.6440759521064235,16.316866768119954,7.65245392222185,22.72139950940137
UIEB_97.png,450,600,0.7573553269848604,13.395363809028375,7.640529404429961,17.755162514187276,0.8406499799259737,17.978297952146733,9.774252626072903,24.112259734761686,0.8572260814834437,19.29580916609713,8.49012275510272,24.556882746254725
