image_name,ssim_normal,psnr_normal,ssim_zeroed,psnr_zeroed,ssim_shuffled,psnr_shuffled
UIEB_1.png,0.7446505438607162,17.718443579686507,0.7408537610719828,17.198413632032636,0.7092915835749598,16.76690866284907
UIEB_11.png,0.7369717098208112,14.341199528773492,0.7213024747725209,14.076787245915538,0.7015835014931159,13.307600226921856
UIEB_110.png,0.4876609002588719,19.377969330621298,0.4676194558139815,17.95615636027169,0.4867252043860868,19.215453329840646
UIEB_116.png,0.6602176582991481,19.839832426168023,0.6592093104743222,20.10602656511844,0.6544650583873725,19.562500028911735
UIEB_117.png,0.5756045963508974,21.140563047091327,0.553143349524562,20.691114598086656,0.5511246237588705,19.865622071858773
UIEB_122.png,0.6351851310950374,16.101908738975773,0.6378711227243586,16.336259582299594,0.6387751356639991,16.254425174754267
UIEB_127.png,0.6338001544644413,19.126229026885873,0.641672591812275,20.57516224827001,0.6405055003837058,20.587224035375694
UIEB_129.png,0.74024980758699,20.177044291952306,0.7248853682056944,19.15368065957082,0.7435761716929222,20.68881594221187
UIEB_134.png,0.5319374177487773,19.30633913314705,0.5119357332513957,18.470612732396162,0.5154816961710398,18.804741936234745
UIEB_140.png,0.5403631714231892,20.54569403960508,0.5153965434117146,19.281308810783162,0.5162517035074221,18.932004957600334
UIEB_145.png,0.5703714702992385,18.97979506903327,0.5486746165257518,17.683411039860783,0.5570027614019885,18.371092127414826
UIEB_150.png,0.522700511497614,17.866301777441894,0.4946635087561502,16.09915169173248,0.4883711175686329,16.04392445026501
UIEB_154.png,0.52541814533258,18.561088075460898,0.5257225121568653,19.17044035779886,0.5284268969354087,18.97701209257557
UIEB_156.png,0.64834591048916,20.243138798127184,0.6454846076642032,20.22369804988586,0.6452985235272504,20.244412283487748
UIEB_162.png,0.6070929611055714,16.31890997522008,0.6135243206408484,16.82038597252222,0.6196148836359553,17.447437416641442
UIEB_170.png,0.6665039391450397,18.08852558136452,0.6702828435781091,19.22637677221602,0.6426714058161241,16.44372755829989
UIEB_177.png,0.4353190467014334,18.919596398402224,0.40682601698783016,17.554438428747712,0.4129993048397647,17.721975524528137
UIEB_180.png,0.6545672385385828,19.396039873364877,0.6346581838306911,18.792692632485956,0.6514794681707736,19.525255141208188
UIEB_188.png,0.7746197517284282,22.18458885651853,0.7755795919921756,22.44770670731713,0.773167960063487,22.45631985774228
UIEB_190.png,0.5730537142152174,19.14593655077816,0.541920980797784,17.00630111291916,0.5724356530842595,18.97140844773993
UIEB_193.png,0.48474816156256223,18.8141119360431,0.4390886666039903,16.555961215298908,0.4405384327430881,16.573984994359716
UIEB_194.png,0.5673598768220531,16.620974884363708,0.5441903917048635,14.890094061763433,0.564798341556517,16.337314119695634
UIEB_207.png,0.5992971596194224,21.234559670144193,0.5672259909282812,19.8154755825918,0.5772301154138216,20.427360206532743
UIEB_213.png,0.7688187216618246,16.832219933983428,0.763458481288717,16.007922633834678,0.7698129397500354,16.591423243784874
UIEB_215.png,0.6828026761652746,19.415269341498544,0.6790533664963924,19.38910741225848,0.6800494507518046,19.40707557968095
UIEB_219.png,0.7171984718430178,18.139299272823877,0.7024146899113134,18.469153379801952,0.7112533326152694,18.016445384344987
UIEB_222.png,0.5499785457980153,18.681291662111967,0.5574046088608182,18.627370923211007,0.5561197062934244,18.60932749312014
UIEB_239.png,0.7444123184002255,21.729377514614118,0.7325668514661635,21.466993358273406,0.7392790443146439,21.832618121895603
UIEB_242.png,0.801475248652307,18.570211122670944,0.7962499490652539,18.847666548338754,0.7990796823704297,18.784123283162554
UIEB_243.png,0.6386870615705652,19.100507001021615,0.6144320503337918,17.011169098484082,0.6112368927039064,16.503226449134125
UIEB_248.png,0.6445981028138655,19.4915795001819,0.6409927781888684,19.0231007580607,0.6423149688011662,18.748100051749354
UIEB_267.png,0.813337044111595,21.3650377762498,0.8185077431874777,20.549647778461512,0.8222584443026797,22.41907292324405
UIEB_269.png,0.8207204685545131,19.27193772181059,0.8165503690221733,18.221903041465993,0.8115414586154962,19.186279888865098
UIEB_270.png,0.7357523991537249,19.99107157705495,0.7206270562081363,17.595762427796366,0.7227749545682257,17.99128885667387
UIEB_279.png,0.7632595471991314,19.138355360742644,0.7464173596575164,18.75532404314572,0.7500454000357406,18.75268585073785
UIEB_28.png,0.7191583075399005,20.92730698970978,0.7116613714830619,20.536266299729647,0.7181078530654809,20.974984501713898
UIEB_283.png,0.7590070451056348,17.822947081892654,0.7020775280445845,14.898739980641928,0.696893718607262,14.593243425363392
UIEB_291.png,0.819998855159926,23.10395735843157,0.8028892843583023,22.20021575779289,0.8019228171425962,21.968943850191046
UIEB_293.png,0.6093629900449545,14.678635040587569,0.603775723517348,15.11568277557025,0.6058854674373132,15.105879651928834
UIEB_305.png,0.543370527070482,13.189916568020074,0.5644041765901825,13.888135106958279,0.529050695022322,12.239134618963831
UIEB_315.png,0.735909898563048,21.759361963093426,0.7169352112704969,19.401145422638905,0.7377870249848755,21.205122950945025
UIEB_317.png,0.6823135019438898,19.422706862440485,0.6818964360591796,18.996517003358072,0.6776888257906336,18.49715681246288
UIEB_324.png,0.6882461463067139,19.613731403415407,0.6892494693736637,19.012268543049487,0.6877843465147069,17.741879492533435
UIEB_325.png,0.6447584573281476,18.773884723670417,0.6463476641475147,18.92277753319419,0.6432704647652804,18.539751146890218
UIEB_340.png,0.7086029314794012,19.760923712142237,0.7070737047221917,19.414836516216226,0.7013086390881217,18.589605572506485
UIEB_341.png,0.7063085177428509,14.637104575927054,0.6864813067273206,13.982855139111104,0.6969078621800998,14.416759807690877
UIEB_344.png,0.6226431854213038,19.697769050693317,0.6215794619955983,19.155437327863115,0.6242334080745123,19.69551532662836
UIEB_347.png,0.698421585937917,18.52317294878841,0.6923969159217371,19.155319812951635,0.69026831413669,18.09365182965148
UIEB_358.png,0.7373875737577601,19.76124774186483,0.73487054123461,19.438454705234616,0.7308734007474528,19.294885011069354
UIEB_364.png,0.6603948192065524,18.011583184339823,0.6503081442219633,18.82745016299188,0.6597161219946938,18.235415136733778
UIEB_376.png,0.7093793341218646,17.62428983252599,0.7066774379018401,17.22249238555849,0.7062621726271945,17.184818211187988
UIEB_380.png,0.6008483818372042,18.598739845751094,0.599611982221585,18.52540765152686,0.5824402812662071,17.236000435010933
UIEB_382.png,0.6399884801641245,22.805034411254844,0.6307662814304544,22.005327331718178,0.6419932280507553,22.472473729747637
UIEB_396.png,0.4919837897677323,18.154715430831146,0.49441644178770955,18.18698375042377,0.4913521896991672,18.08708675861062
UIEB_401.png,0.5856725371776383,17.79865858565293,0.551984607892187,15.21035668709629,0.5642247383375691,16.14685513795613
UIEB_403.png,0.511311975360896,18.24890983883646,0.4962928858087679,18.01159288366183,0.48626916234237694,16.728419075691704
UIEB_407.png,0.46277183349260204,18.568571304462306,0.42738401106294605,16.733916524076655,0.4174724264797152,15.682787554500631
UIEB_409.png,0.7273226574643127,21.567931760071946,0.6979162004319087,17.338936303232646,0.7250930969581391,19.21523956093178
UIEB_428.png,0.5263847678467493,17.757189066179105,0.5187320226946492,17.134857050415523,0.49508036332083666,15.918635110546479
UIEB_433.png,0.6571336042097395,21.81068123228301,0.6366997311883885,20.30053219188767,0.6443903919616684,20.912284811447893
UIEB_439.png,0.7103504171249594,18.65345423984754,0.7007536654385969,17.447312461496065,0.7055717377933538,17.37143564811645
UIEB_44.png,0.5785870563743897,19.574883166665977,0.5491162015818515,18.000990761099967,0.5653055246073628,19.070224722715835
UIEB_445.png,0.5690414423601794,20.34368652441513,0.5577650526528631,18.603054227720275,0.5646729332210815,19.61886050196803
UIEB_447.png,0.5692173358030012,20.5330857488335,0.5487174680344231,19.334824761247784,0.55314247741613,19.15678070222254
UIEB_449.png,0.555608311980365,20.16863586557159,0.5495077561540149,20.099680720758577,0.5528053593948105,19.285430361793306
UIEB_450.png,0.5621974571456038,13.086670523222717,0.5622924436472104,13.100028586865287,0.5570312764481876,12.668930073291914
UIEB_46.png,0.5517206208663586,17.755953219699,0.5196453582177653,16.135516963226827,0.551403336608328,17.873317708108754
UIEB_470.png,0.6885358414491748,22.095510023656907,0.6829693481194178,21.582367722733498,0.6836215875025325,21.774863426114415
UIEB_475.png,0.6965866514106662,21.2633144432967,0.6349042224820085,16.16635793044647,0.6304281566858637,16.681100635705274
UIEB_483.png,0.8796831942822049,22.255100257314506,0.879264566976532,22.342453176236873,0.878672356277379,22.4216282127162
UIEB_491.png,0.7482330340491506,20.281775101106724,0.7393750883270415,18.949419374300966,0.7191464222326175,17.19913974135566
UIEB_508.png,0.810873424933083,21.280750196903682,0.7797377555231418,16.799301021400282,0.7746008744502003,16.329037337289453
UIEB_509.png,0.7443878214973666,23.31684156340273,0.6978340272510432,18.404922975490322,0.703040923347188,19.395294536495836
UIEB_511.png,0.7634792770742188,17.315568187429825,0.7517528763673417,16.908481158285298,0.7590319646751457,16.81989970946561
UIEB_512.png,0.8538595062045026,22.956660304061852,0.8315889885383934,17.03450412087692,0.851668496432496,21.383418271781554
UIEB_514.png,0.8686705278574843,22.339096294764296,0.8866890180045411,21.36493546210921,0.8778061201571208,23.59479615228462
UIEB_519.png,0.6487144078048597,17.91552042903884,0.6414107392038884,17.38496241027399,0.6391561243138292,16.948177541656094
UIEB_523.png,0.6702781398812542,19.101708909038155,0.6587973776007585,18.72414656193702,0.6499951655980066,18.007275094404093
UIEB_526.png,0.5629849089337485,18.460485419030412,0.5529757627818984,17.60194104725026,0.554696010164843,17.71238039419922
UIEB_527.png,0.5929859544927802,17.24276270729846,0.5578634647214968,16.156428536076156,0.556277589857067,16.10292498943114
UIEB_528.png,0.6544658783633096,18.87813994893385,0.6251265250231278,17.12534184554553,0.6173422860383434,16.6391564927552
UIEB_535.png,0.7222040992940942,20.134810173359888,0.7093625003318996,19.611009344856786,0.70719702151756,18.488131374719686
UIEB_54.png,0.6619086305644842,20.67478466708772,0.6571905631284579,21.149591106889186,0.6641230592077818,21.100430193794484
UIEB_541.png,0.6156408019919635,19.684891854155225,0.5819527927266789,18.083780229939492,0.5747671024536221,17.00339449688762
UIEB_542.png,0.6392297731993491,19.93390644319349,0.6124182889040907,17.766727711874104,0.6383881111616583,19.899086620558467
UIEB_548.png,0.8853452935203165,20.884121808183615,0.8683341593786915,19.05339890350844,0.8738938413639211,19.75034858809234
UIEB_553.png,0.6474294783197146,20.99089838556205,0.6464465822522817,21.18695239945596,0.6471972583967046,21.187804263810012
UIEB_557.png,0.7749018210971382,21.74282221916838,0.7383548292570187,19.279033773742512,0.7427231099585603,19.784895139342524
UIEB_559.png,0.8308004064213987,24.23892329265759,0.8153484286677201,20.902160739675484,0.8051541053768462,19.118571880417914
UIEB_568.png,0.6668313283207215,21.418035818311665,0.6331951487335165,18.7043141732113,0.6320785244369979,18.627800086885294
UIEB_600.png,0.7471253434445089,17.5457444752232,0.7519890229120878,18.762010877915138,0.752641067332875,18.50478632225179
UIEB_605.png,0.7864354889956449,20.091895819070636,0.7675841992813109,18.789538797951565,0.7826361291382572,19.023598404888943
UIEB_606.png,0.5259675915726314,17.21648148327745,0.4921949107567964,16.06817612488287,0.5109986235176439,16.643892366516198
UIEB_607.png,0.701753100991469,18.03782673720679,0.6977066250548677,17.957451794778155,0.7003521311721878,18.2997381679679
UIEB_609.png,0.7436404172763856,20.644482679468407,0.7364535344180961,20.473115426807173,0.7442157294519771,20.819796256904517
UIEB_61.png,0.5557892391749325,17.421021155249814,0.5264847173870676,16.077268881400148,0.5258563888828275,15.737550260199253
UIEB_610.png,0.7415316762632965,19.45680597545429,0.7508170929102937,17.383531917822054,0.7501906990881677,18.56917785591648
UIEB_634.png,0.21243345276525297,13.881944014701553,0.22131480219368957,14.087699435468839,0.22900984504217706,14.982390941548879
UIEB_641.png,0.6897068248423975,20.41971828858438,0.6732820581552063,19.400840013342208,0.6896121520806088,20.382501703034713
UIEB_654.png,0.6252821729011625,12.225990485981455,0.6153188005796605,11.903253564881718,0.6110640320417581,12.027393222224745
UIEB_683.png,0.5403242658948773,18.555708678339247,0.5284729411370136,17.682210561158428,0.5345911680648524,18.01433863557831
UIEB_684.png,0.55606720219417,14.71625246098524,0.5552613413188432,15.114681268463059,0.5525970302460276,14.489459064980402
UIEB_697.png,0.7430631512429496,20.26581115585259,0.7268048924337638,19.186878290837768,0.7362953825563503,19.902122177427746
UIEB_699.png,0.6355141442766565,15.532213911527009,0.6567028921240811,16.461422670644566,0.652847404555868,16.199502045222047
UIEB_708.png,0.29903922152021195,11.852025191838294,0.3189280859781952,12.828277910976203,0.2862768124414781,10.974869927025832
UIEB_714.png,0.48999522641640264,18.479416206698595,0.46194622107811306,17.14767837620835,0.4980463881201662,18.638602791580713
UIEB_719.png,0.40370712034000533,17.16568929974562,0.36754895221945977,15.649044401235084,0.39750831430495026,17.049436570433084
UIEB_730.png,0.6558204770914795,20.45257722154467,0.6361796980974893,18.718605268145854,0.6472843655270694,19.5835077003624
UIEB_731.png,0.597205274599503,18.53642259271815,0.5870630211984343,17.917933384500778,0.5942827400667898,18.254386996445348
UIEB_732.png,0.5144252722207713,19.11691377569586,0.4945864095128201,17.592943965288722,0.5027798467554191,17.881415466154504
UIEB_733.png,0.6033390058897553,18.167544515921502,0.5794557291187638,16.959343645879134,0.5981588009606974,17.557236886508708
UIEB_75.png,0.7352127323600058,19.11501297809995,0.7363277661529618,19.138060315790216,0.7119715173449173,17.167432707011102
UIEB_754.png,0.6083277225845048,17.59145247108454,0.5849794485804866,15.897098400712535,0.6035576994930195,18.235537517747122
UIEB_756.png,0.5367513465366246,18.845566736167832,0.5118229224460856,17.35048938932544,0.5401272376290817,18.809145806510614
UIEB_759.png,0.4376338143455794,14.59511385336538,0.44129115362426724,15.963895684870552,0.4372638683418801,15.778545710619536
UIEB_776.png,0.5446606218629327,20.143929986258545,0.5225878070934296,18.99190577420964,0.5302533360560714,19.61851853293432
UIEB_777.png,0.5237120263669266,17.946380849205642,0.5004619738936152,16.60079503491486,0.5017474189514534,16.77427418987041
UIEB_792.png,0.5626806435229711,18.16072413933136,0.510674110827081,15.543010185224409,0.541171350439334,16.930981122498192
UIEB_798.png,0.6746128334250748,21.10902705536087,0.6350197319826555,18.419082284165995,0.6502343854637944,19.36498724095203
UIEB_8.png,0.7635736004047109,19.338962958419515,0.7582258271577853,20.218602727255572,0.7536352203512453,19.080951576281254
UIEB_802.png,0.6520591973495989,18.89833019314699,0.634448795490326,19.17176189672172,0.6471715461803371,19.58802100008185
UIEB_803.png,0.6658557246323032,14.92753836212993,0.6716577795820159,18.199277393834265,0.6076684370430883,16.083702383790143
UIEB_809.png,0.41214282179177975,16.754906732749923,0.4056310800763597,16.251732938351168,0.41562812067708244,16.646705385367973
UIEB_83.png,0.7686146343624355,20.285831959146662,0.7618374709303383,19.863199433779503,0.7759592989963421,20.888739862068583
UIEB_835.png,0.7468757975423149,22.40239757959047,0.7362670916667836,20.82010094372281,0.7397847052588845,21.476005405126074
UIEB_841.png,0.6031811286433725,17.781197217909504,0.5986682531359445,17.25111925912323,0.60067267538146,17.427796830806244
UIEB_848.png,0.6704731792258283,21.86318357252381,0.6467586490858531,18.232402178432984,0.663289284224837,20.612335525834276
UIEB_853.png,0.6273612088303236,19.992613221846547,0.6031570586162811,17.648950839608148,0.6167116420967113,19.325329373407392
UIEB_88.png,0.37688020909412673,17.71465524939144,0.3739266519164534,17.33498265561388,0.3769821527110035,17.8431274642032
UIEB_883.png,0.7034596515989223,19.409925857980348,0.6971157471589747,18.30872531015532,0.6960378168678226,18.611227028313365
UIEB_92.png,0.595171744682141,19.986246403298665,0.587536710297266,19.762309256799313,0.5902486971564218,19.97252335309792
UIEB_96.png,0.5689059504034505,17.35186765787484,0.5271394783862665,14.571240105556695,0.5650366942624715,17.056398217248233
UIEB_97.png,0.4244093121375862,16.6782959544954,0.4211568407019297,16.652032112312266,0.42091619432131977,16.585227226338823
