metric,a,b,mean_delta,median_delta,std_delta,ci95_mean_delta_lo,ci95_mean_delta_hi,win,loss,tie,wilcoxon_p
psnr,raw,classical,-0.025631,-0.460194,4.691988,-0.807375,0.796381,60,73,0,0.558526
ssim,raw,classical,-0.003372,-0.01747,0.117278,-0.022765,0.016565,57,76,0,0.433825
uiqm,raw,classical,-0.432271,-0.388945,0.807133,-0.570763,-0.303781,41,92,0,0.0
uciqe,raw,classical,-2.14348,-2.433724,3.770413,-2.7868,-1.521852,42,91,0,0.0
psnr,raw,unet,-2.260954,-3.293172,4.373721,-2.972659,-1.50305,32,101,0,0.0
ssim,raw,unet,-0.04002,-0.055129,0.116414,-0.059426,-0.020572,48,85,0,6.6e-05
uiqm,raw,unet,-0.295841,-0.261989,0.409933,-0.3638,-0.228108,32,101,0,0.0
uciqe,raw,unet,-5.11318,-5.615068,3.750061,-5.748672,-4.492321,11,122,0,0.0
psnr,raw,enh224_featguided,-1.911111,-2.705538,4.352018,-2.623893,-1.181527,38,95,0,0.0
ssim,raw,enh224_featguided,0.120116,0.10312,0.142181,0.096794,0.144622,108,25,0,0.0
uiqm,raw,enh224_featguided,1.402917,1.438285,0.522021,1.318093,1.489392,131,2,0,0.0
uciqe,raw,enh224_featguided,-4.789611,-5.556856,3.897747,-5.445755,-4.136027,18,115,0,0.0
psnr,classical,unet,-2.235323,-2.181412,2.069222,-2.587868,-1.878061,12,121,0,0.0
ssim,classical,unet,-0.036648,-0.032125,0.049138,-0.045499,-0.028532,31,102,0,0.0
uiqm,classical,unet,0.13643,0.044976,0.532237,0.050813,0.232235,72,61,0,0.046987
uciqe,classical,unet,-2.9697,-2.91798,1.696871,-3.25002,-2.681772,3,130,0,0.0
psnr,classical,enh224_featguided,-1.885481,-2.262332,2.625219,-2.337511,-1.416305,22,111,0,0.0
ssim,classical,enh224_featguided,0.123488,0.132454,0.138553,0.099856,0.147234,118,15,0,0.0
uiqm,classical,enh224_featguided,1.835188,1.773487,0.680145,1.722105,1.953169,133,0,0,0.0
uciqe,classical,enh224_featguided,-2.646132,-2.747169,2.129217,-2.99561,-2.280649,12,121,0,0.0
psnr,unet,enh224_featguided,0.349843,0.337998,1.876736,0.032205,0.680364,74,59,0,0.040653
ssim,unet,enh224_featguided,0.160136,0.155987,0.112405,0.141278,0.179665,124,9,0,0.0
uiqm,unet,enh224_featguided,1.698758,1.726854,0.335117,1.643603,1.755996,133,0,0,0.0
uciqe,unet,enh224_featguided,0.323569,0.346625,1.19473,0.122629,0.520675,86,47,0,0.000958
