image_name,ssim_classical,psnr_classical,ssim_identity_roundtrip,psnr_identity_roundtrip,ssim_model_at224,psnr_model_at224,ssim_model_roundtrip,psnr_model_roundtrip
UIEB_1.png,0.7754584915950532,14.671663097247386,0.7240973376867527,14.573052931578633,0.8181080538398483,18.02010173999339,0.7446505438607162,17.718443579686507
UIEB_11.png,0.7419568421993459,12.660411773984336,0.7140955118518971,12.627561409031482,0.7756958579641302,14.41697354238723,0.7369717098208112,14.341199528773492
UIEB_110.png,0.930545031575576,22.92171874031957,0.6518072851159417,20.24730224915615,0.8375030741957916,22.075541855171714,0.4876609002588719,19.377969330621298
UIEB_116.png,0.8161895050977336,17.56386366841496,0.704150194516718,17.45159635497875,0.8256117523268761,20.517114201182224,0.6602176582991481,19.839832426168023
UIEB_117.png,0.683013759709885,16.52483287869236,0.5664911447102225,16.229418537643635,0.8202951656115989,22.71812846091691,0.5756045963508974,21.140563047091327
UIEB_122.png,0.7224335613314027,14.352697322520765,0.6454057525228699,14.339105709679616,0.7471042368817407,16.212755601287824,0.6351851310950374,16.101908738975773
UIEB_127.png,0.7378244092966216,14.962313871091945,0.6329544228356965,14.862821701386707,0.7754643526129712,19.487568754964634,0.6338001544644413,19.126229026885873
UIEB_129.png,0.8007893775217814,15.9042914145206,0.7628685049229501,16.038191166445223,0.8399152822729143,20.345091431215376,0.74024980758699,20.177044291952306
UIEB_134.png,0.9088228904022326,23.466609724750715,0.698662135498843,21.676923982283952,0.819897410866476,20.703639151657303,0.5319374177487773,19.30633913314705
UIEB_140.png,0.8282141214519047,21.43430281655459,0.6291556613099639,20.015284074386162,0.8370751916854845,22.752524459946777,0.5403631714231892,20.54569403960508
UIEB_145.png,0.7976235959762779,17.031106402258704,0.6438842767853182,16.645488140477735,0.8164485292751551,20.119959842180684,0.5703714702992385,18.97979506903327
UIEB_150.png,0.7790024411311262,17.092407790623735,0.5899034381081208,16.247717193918756,0.8139181768285718,19.680445234492037,0.522700511497614,17.866301777441894
UIEB_154.png,0.6726746728380882,14.1144817219611,0.5186403925891564,14.02140495791725,0.7455957018962432,19.42299409823805,0.52541814533258,18.561088075460898
UIEB_156.png,0.8167663691269077,15.82893854698175,0.6804320110328916,15.554871777961448,0.8182500684375542,21.503763048507988,0.64834591048916,20.243138798127184
UIEB_162.png,0.6262872308768233,12.884046795041007,0.5414545441577329,12.763926132391317,0.7542710434771744,16.69461595776419,0.6070929611055714,16.31890997522008
UIEB_170.png,0.7204274328132808,13.36455096740908,0.6406665509336714,13.301155555451373,0.7802529581288925,18.377876190746928,0.6665039391450397,18.08852558136452
UIEB_177.png,0.6083827569929277,17.109414008604936,0.44857086780253136,16.484543013345284,0.742057506391309,21.147313980089635,0.4353190467014334,18.919596398402224
UIEB_180.png,0.6845856719772025,16.914123012215235,0.6388888323472035,16.774176658888116,0.8032766063831852,19.969130853628126,0.6545672385385828,19.396039873364877
UIEB_188.png,0.8207167375507473,16.684810010738875,0.7669130407987764,16.655688086127633,0.8744827430706836,22.53725564118739,0.7746197517284282,22.18458885651853
UIEB_190.png,0.8977715474481686,22.908988539008156,0.6867204755573176,20.87676130340908,0.8630604965438158,20.84284681520025,0.5730537142152174,19.14593655077816
UIEB_193.png,0.7067830586694089,18.449976768789902,0.5203027701431892,17.280532403260192,0.7866046204881453,21.337910375045,0.48474816156256223,18.8141119360431
UIEB_194.png,0.7094266084351636,15.080762865189781,0.6141510389034791,14.725362586849734,0.7243739987945051,17.336933953058388,0.5673598768220531,16.620974884363708
UIEB_207.png,0.6810290860056166,16.7883100522075,0.5851718383626457,16.588560482159973,0.818562408600338,22.29182123397826,0.5992971596194224,21.234559670144193
UIEB_213.png,0.7341986042664846,14.07756198497072,0.7068459744196502,14.020177478402704,0.7894578540783428,17.07915047472335,0.7688187216618246,16.832219933983428
UIEB_215.png,0.8112517466771578,18.813462959270584,0.744757110811871,18.656780846671406,0.7399185011268639,19.8608583349197,0.6828026761652746,19.415269341498544
UIEB_219.png,0.796836549994092,14.733078551209049,0.7654527638832302,14.934162175826494,0.7605727342580694,18.135121108064773,0.7171984718430178,18.139299272823877
UIEB_222.png,0.7897982067649197,16.666972847972225,0.6665282070956183,16.651531487218744,0.736927013239329,19.621245726025517,0.5499785457980153,18.681291662111967
UIEB_239.png,0.8798189503464154,18.693810791710625,0.7885770390115456,18.2406334958796,0.8845242357740486,23.421169174579024,0.7444123184002255,21.729377514614118
UIEB_242.png,0.8357167744343815,15.410829078324541,0.7976296001569184,15.41912764106948,0.8609887834937715,18.787562926962295,0.801475248652307,18.570211122670944
UIEB_243.png,0.8381559312032927,18.84020244057804,0.7018008475363257,17.85226734425282,0.869079328905784,20.89334148548701,0.6386870615705652,19.100507001021615
UIEB_248.png,0.848982472729061,19.416671637177465,0.7132554422655469,18.590061640300604,0.8572536421267879,21.024105300679054,0.6445981028138655,19.4915795001819
UIEB_267.png,0.8868364181182967,20.75374068600742,0.8551027583687358,20.710163685926005,0.8609183558222723,21.489003367107703,0.813337044111595,21.3650377762498
UIEB_269.png,0.7540420883991171,13.521349965204813,0.7352612520151406,13.498503768648016,0.8273527876525094,19.44514846483987,0.8207204685545131,19.27193772181059
UIEB_270.png,0.74417566930173,16.357404147519826,0.6885534033971304,16.257924544201718,0.8107808937420921,20.378755193833477,0.7357523991537249,19.99107157705495
UIEB_279.png,0.8801775630004999,18.076340954965975,0.8126994552337056,17.990545614754705,0.8838974528938345,19.507795773641423,0.7632595471991314,19.138355360742644
UIEB_28.png,0.8257028326527549,18.14650332330856,0.7442035203599708,17.885778493050022,0.8614296645233588,22.365756700829497,0.7191583075399005,20.92730698970978
UIEB_283.png,0.5979063025138625,12.404678098516955,0.6332388785125881,13.098616950971813,0.7769320843301174,17.858457484719064,0.7590070451056348,17.822947081892654
UIEB_291.png,0.6188271050912186,12.604899276048558,0.6366194047944264,12.874193750237223,0.8029167355732159,23.092425775011073,0.819998855159926,23.10395735843157
UIEB_293.png,0.5363011024619833,11.398107371048397,0.5552269685087335,11.800992297949245,0.641687402520434,14.703438529587183,0.6093629900449545,14.678635040587569
UIEB_305.png,0.5800232043908531,10.980936241509035,0.5404963653107976,10.976729822998275,0.6003814627410974,13.339337706229397,0.543370527070482,13.189916568020074
UIEB_315.png,0.8963571348860411,23.9313856866902,0.8217696278862876,23.394053874160214,0.867812278617266,22.409012084755684,0.735909898563048,21.759361963093426
UIEB_317.png,0.7980870210654607,15.563288943233433,0.720423831043122,15.432296505369623,0.7990150171438676,20.200056549675924,0.6823135019438898,19.422706862440485
UIEB_324.png,0.5263282553357684,12.08075146251298,0.5713532630214314,12.429368811812779,0.7881561997449834,20.061021878388328,0.6882461463067139,19.613731403415407
UIEB_325.png,0.7879911922327456,16.709495787882584,0.7128815049196934,16.55152580319407,0.8288211861355751,19.583185312116353,0.6447584573281476,18.773884723670417
UIEB_340.png,0.457546661377235,12.929200661346222,0.5625448921257554,13.987027226976359,0.6951430473763006,19.723876505675122,0.7086029314794012,19.760923712142237
UIEB_341.png,0.8513455937711817,14.589204472244326,0.7971725598900729,14.591136444084716,0.8032745478738456,14.78509372700849,0.7063085177428509,14.637104575927054
UIEB_344.png,0.7601295846250995,16.645706936024922,0.634434902768946,16.538874227251302,0.8284646606172531,21.113127584760907,0.6226431854213038,19.697769050693317
UIEB_347.png,0.8652316687498917,17.367253225138477,0.7183775861013063,17.280298960264282,0.8346986596076252,18.799940949667306,0.698421585937917,18.52317294878841
UIEB_358.png,0.7832706429913617,14.204933084142336,0.7387869602372801,14.250088043233031,0.834292646897636,20.068382766473334,0.7373875737577601,19.76124774186483
UIEB_364.png,0.8550090474369364,18.024872680196594,0.7238643229314455,17.291327891249463,0.7915079635412585,19.14159979098153,0.6603948192065524,18.011583184339823
UIEB_376.png,0.7373302124501867,14.859726463591292,0.7199590955936491,15.265191520471017,0.8227786131437048,17.98173645407382,0.7093793341218646,17.62428983252599
UIEB_380.png,0.7333021028258457,15.626242254841307,0.6199239216948996,15.376046517697116,0.811128848478317,19.959270284866612,0.6008483818372042,18.598739845751094
UIEB_382.png,0.7971262190046793,19.297864284819774,0.703147769694037,19.063947451523106,0.814863348485381,23.88607369944209,0.6399884801641245,22.805034411254844
UIEB_396.png,0.6415250399319008,15.569618947851104,0.5226267027384317,15.162860459910867,0.7640822231486079,19.444750840300287,0.4919837897677323,18.154715430831146
UIEB_401.png,0.5935281822492778,13.779479811124421,0.5633074550770806,13.799136828571179,0.6802773985070356,18.152357945603082,0.5856725371776383,17.79865858565293
UIEB_403.png,0.5784233093763574,15.659839094434378,0.5059560337509662,15.477805946069306,0.6687029506103076,19.040139982072457,0.511311975360896,18.24890983883646
UIEB_407.png,0.6690250942701477,18.751061898732402,0.5129788837061209,17.924373253678066,0.7536924418433761,20.248138997507603,0.46277183349260204,18.568571304462306
UIEB_409.png,0.7953683358537992,18.870603300244277,0.7483831279912817,18.637447429366848,0.8650051105202214,22.376593323074864,0.7273226574643127,21.567931760071946
UIEB_428.png,0.8466131622330598,17.680028493005043,0.6696465566010064,16.81460966677939,0.8217685783081614,19.80262118507175,0.5263847678467493,17.757189066179105
UIEB_433.png,0.7711788885744366,18.78637523577223,0.6750213165786699,18.37505520010195,0.8554558319917535,23.303191098127414,0.6571336042097395,21.81068123228301
UIEB_439.png,0.8478428898035228,15.783280260990287,0.7598385687264133,15.766304134452213,0.8459624102437714,19.14370361796093,0.7103504171249594,18.65345423984754
UIEB_44.png,0.7456885525583764,18.816544629234283,0.6136047620593837,18.146901848065024,0.8282333737033293,20.99477097989286,0.5785870563743897,19.574883166665977
UIEB_445.png,0.8411889903705427,18.391939066240344,0.6389147641781433,18.04222482212458,0.80399501405183,21.498483706129633,0.5690414423601794,20.34368652441513
UIEB_447.png,0.6553998736182121,17.6289553013326,0.5806021693388878,17.434138541892995,0.7628574363271919,21.354827667723537,0.5692173358030012,20.5330857488335
UIEB_449.png,0.8297395839239142,19.872314987698157,0.660501306137046,18.802486805609327,0.8257832486188686,22.52613922062705,0.555608311980365,20.16863586557159
UIEB_450.png,0.6339596524967611,12.773183902597475,0.6138058159965133,13.605879001513188,0.6879218521914776,13.16714997261505,0.5621974571456038,13.086670523222717
UIEB_46.png,0.7004335460100392,15.635339289919191,0.5682379241662286,15.30251616757485,0.815772353533127,18.646453628758586,0.5517206208663586,17.755953219699
UIEB_470.png,0.8306762844704405,18.78785739894843,0.7594107136700513,18.864900052078532,0.8530854842290946,22.60412752234147,0.6885358414491748,22.095510023656907
UIEB_475.png,0.41069357125620165,13.505111262132257,0.5333744995595816,15.569724114102677,0.6255800751072342,20.985160768102432,0.6965866514106662,21.2633144432967
UIEB_483.png,0.8771059541638513,17.672106182441564,0.8686964639200183,17.71229114768143,0.862335068367306,22.244549668931217,0.8796831942822049,22.255100257314506
UIEB_491.png,0.8026812518419014,16.523892104323153,0.755114711711029,16.541332006480765,0.8708728955624498,20.858008802154544,0.7482330340491506,20.281775101106724
UIEB_508.png,0.9127549272873198,22.847069129384543,0.8663957491565611,22.732973310338444,0.8774015100681231,21.39403511165861,0.810873424933083,21.280750196903682
UIEB_509.png,0.8865507634739075,28.817578468894844,0.8105185688543145,27.27998355920752,0.8920844000916669,24.065268112637984,0.7443878214973666,23.31684156340273
UIEB_511.png,0.822897471997858,16.06437260787656,0.784485925729668,16.037887299472835,0.813195838362907,17.41117310687714,0.7634792770742188,17.315568187429825
UIEB_512.png,0.9187788125813672,21.860370885561142,0.8946827559094145,21.834259143107168,0.8849079658258293,23.025917136529493,0.8538595062045026,22.956660304061852
UIEB_514.png,0.8789816765595639,19.20878748240986,0.8656241184963207,19.23254820664088,0.875108345357755,22.319538968538733,0.8686705278574843,22.339096294764296
UIEB_519.png,0.8661076606561698,16.615941846010337,0.730382335654494,16.49200881691443,0.8266659327457798,18.485760630663517,0.6487144078048597,17.91552042903884
UIEB_523.png,0.8567410883206725,18.853233027984242,0.7652722400971091,18.56965110761075,0.8218432094205905,19.630316997332084,0.6702781398812542,19.101708909038155
UIEB_526.png,0.7769363049644381,16.92010505072448,0.6385339122245962,16.48763577701857,0.8073748418424945,19.69382439827891,0.5629849089337485,18.460485419030412
UIEB_527.png,0.6996907418473913,15.013336525874035,0.6078341221908733,14.868387539909797,0.779787566530228,17.652123446035503,0.5929859544927802,17.24276270729846
UIEB_528.png,0.7646421479782587,16.615808111083727,0.6809697405308518,16.38897131831469,0.8225321722247857,19.508860308645122,0.6544658783633096,18.87813994893385
UIEB_535.png,0.8452970594292418,16.93436550539648,0.7628345414710598,16.823432111921065,0.8433255694800713,20.741372727793372,0.7222040992940942,20.134810173359888
UIEB_54.png,0.7195063754506944,16.950321751483607,0.6408096153185682,16.709547169813316,0.851335539460683,21.65057703921797,0.6619086305644842,20.67478466708772
UIEB_541.png,0.7675766003778267,16.21634888200745,0.6565311452072707,15.97640857546093,0.8284101830237923,20.511855747073007,0.6156408019919635,19.684891854155225
UIEB_542.png,0.7978769403397791,17.16679870103132,0.6821626608649388,16.852832296834517,0.8511878315206313,20.869241823240465,0.6392297731993491,19.93390644319349
UIEB_548.png,0.932280195480002,19.65851438653164,0.9254136863263072,19.700767630499385,0.8587994786179135,20.910963652372637,0.8853452935203165,20.884121808183615
UIEB_553.png,0.8172481076451471,18.01466735353433,0.6589719359101048,17.713021328449287,0.867718755638812,22.23189955689721,0.6474294783197146,20.99089838556205
UIEB_557.png,0.8857370037254059,21.668603581718653,0.8194809199705273,21.480024829829574,0.8941637713154416,22.063888348723975,0.7749018210971382,21.74282221916838
UIEB_559.png,0.9141672696983006,21.677632231100596,0.8624726874801913,21.537307121184767,0.8754548190480135,24.54884276304192,0.8308004064213987,24.23892329265759
UIEB_568.png,0.78397066919424,18.895768731779526,0.6929426230228012,18.474619567497005,0.8668411897327664,22.620606348470226,0.6668313283207215,21.418035818311665
UIEB_600.png,0.7806888888758755,14.347775435568513,0.746437576394683,14.335948081272427,0.7850943987569968,17.621202203284167,0.7471253434445089,17.5457444752232
UIEB_605.png,0.8476082677071929,16.69750948419875,0.8109606302717363,16.676310025030403,0.8339477787372406,20.23120112571229,0.7864354889956449,20.091895819070636
UIEB_606.png,0.7825690607443093,16.46985554438341,0.6241002562896395,15.853484178248626,0.7262607894379803,18.622410568535543,0.5259675915726314,17.21648148327745
UIEB_607.png,0.8475372224558025,16.51964398488252,0.7474342900368004,16.322825294979225,0.8425049613897038,18.520700830562138,0.701753100991469,18.03782673720679
UIEB_609.png,0.7977184638207798,16.85265841181042,0.7445251670573217,16.86445238941579,0.8577757622944177,20.83708019822115,0.7436404172763856,20.644482679468407
UIEB_61.png,0.7034396724078226,14.874610372598706,0.5714607879142298,14.67153247934927,0.8083172010339136,18.01915963285252,0.5557892391749325,17.421021155249814
UIEB_610.png,0.6853337061005608,15.558772906898016,0.7121392123495661,15.741365306120077,0.7342157146559615,19.477261503870793,0.7415316762632965,19.45680597545429
UIEB_634.png,0.6324017513793682,15.917432530904627,0.3060166941537534,14.494400586387892,0.4952176173124523,15.714922815324659,0.21243345276525297,13.881944014701553
UIEB_641.png,0.8354348026905248,18.279475852458976,0.748285448278244,18.23105073142233,0.832527519329866,21.131966065604253,0.6897068248423975,20.41971828858438
UIEB_654.png,0.5629641947734108,11.385214052975734,0.5290009167609977,11.371328070593936,0.6648085536004407,12.391932472436704,0.6252821729011625,12.225990485981455
UIEB_683.png,0.7509398771887942,16.318658620295178,0.6433236721255,16.564326542379813,0.7643367996436767,19.426262806493757,0.5403242658948773,18.555708678339247
UIEB_684.png,0.7018158641541716,12.906531879967725,0.6086501842860357,12.927359107353315,0.6606773881707166,14.924640069255481,0.55606720219417,14.71625246098524
UIEB_697.png,0.8140291156700036,17.563398707574564,0.7766331486159131,17.737163271586894,0.8378167602607188,20.38031780663381,0.7430631512429496,20.26581115585259
UIEB_699.png,0.6613571364818124,13.098683031945935,0.6238020881128975,13.202150107296564,0.6723978117725024,15.542650929010534,0.6355141442766565,15.532213911527009
UIEB_708.png,0.6059312662500895,11.392085803175627,0.41026410060114826,11.287067101211715,0.5657476348920923,12.31462578803769,0.29903922152021195,11.852025191838294
UIEB_714.png,0.9010097083386498,20.986200253152315,0.6670932918639463,19.525369518920872,0.7976271462509397,20.134993429185588,0.48999522641640264,18.479416206698595
UIEB_719.png,0.9165634534254125,21.506621172214896,0.5575436445487797,18.532667342782144,0.7921042027971538,19.75274127222019,0.40370712034000533,17.16568929974562
UIEB_730.png,0.9090702158610081,24.905164813089783,0.7550428898615414,22.973129329947113,0.8804979364869358,21.663421479329763,0.6558204770914795,20.45257722154467
UIEB_731.png,0.7309663269146536,16.045677236577532,0.6483388902158272,16.212955644994718,0.7537290265840939,18.78509012988361,0.597205274599503,18.53642259271815
UIEB_732.png,0.9062683568185381,22.245565850280972,0.6651760895523372,20.031908025486224,0.8082252704495528,21.341631777029548,0.5144252722207713,19.11691377569586
UIEB_733.png,0.8557940381686965,20.205496234062856,0.6800627351518767,18.61716647578822,0.8191639704147428,20.008164526081732,0.6033390058897553,18.167544515921502
UIEB_75.png,0.7762027223324853,15.384458892060902,0.7180768036943678,15.33424615061637,0.8267279401200778,19.412704844374918,0.7352127323600058,19.11501297809995
UIEB_754.png,0.644655089222785,13.694741118659103,0.6333338421932291,15.170425653988746,0.768711245665617,18.121539243869307,0.6083277225845048,17.59145247108454
UIEB_756.png,0.8477702012234184,22.59479260772504,0.6407422242158639,20.238150127710384,0.8574117582226263,20.910934653161508,0.5367513465366246,18.845566736167832
UIEB_759.png,0.6150255452369264,13.075361423018006,0.541006607520594,15.12718669726151,0.669315187754814,14.94190689514136,0.4376338143455794,14.59511385336538
UIEB_776.png,0.8315070405132773,21.615798695954393,0.6392389391933985,20.378050785501568,0.828405700971634,21.704108271440017,0.5446606218629327,20.143929986258545
UIEB_777.png,0.8003465707550766,20.172470285076827,0.6432158467866405,18.598110093418025,0.7432274600581229,19.862927471683317,0.5237120263669266,17.946380849205642
UIEB_792.png,0.8967666900408128,21.383838440882702,0.7102323137726513,19.814902050585147,0.8541725275183251,19.638699844047785,0.5626806435229711,18.16072413933136
UIEB_798.png,0.863607969201955,24.02113018105368,0.7435987757220062,22.194691016328875,0.8824731112098592,22.75358359909895,0.6746128334250748,21.10902705536087
UIEB_8.png,0.5816036181849472,13.649184503121617,0.6373038236031444,14.254383729243303,0.7443088988300746,19.288373324390985,0.7635736004047109,19.338962958419515
UIEB_802.png,0.830975025559308,16.232459856220398,0.7349706550306867,16.114876291947745,0.8138831467262756,19.37211155401768,0.6520591973495989,18.89833019314699
UIEB_803.png,0.4209328721826833,13.634680806149827,0.5349315699954719,15.0765935195776,0.6857473408659014,14.946761139026421,0.6658557246323032,14.92753836212993
UIEB_809.png,0.8131489297988082,17.084140469341705,0.5689301708708642,15.866144816473781,0.7448944557569379,19.367573909234597,0.41214282179177975,16.754906732749923
UIEB_83.png,0.7179127199889036,15.404585265564926,0.6990233634905204,15.409701226142454,0.8149209854543945,20.67757974405091,0.7686146343624355,20.285831959146662
UIEB_835.png,0.834326914146839,18.50125825633939,0.7634156798083932,18.393919070566398,0.8656554741316566,22.83292081302382,0.7468757975423149,22.40239757959047
UIEB_841.png,0.7814965036995347,16.764792402327796,0.6688290778466023,16.50525768888879,0.7645270375256571,18.423691281534193,0.6031811286433725,17.781197217909504
UIEB_848.png,0.6901996058334467,18.455881541186173,0.6670245386925527,18.388715966883954,0.8085023538073299,22.330071016200623,0.6704731792258283,21.86318357252381
UIEB_853.png,0.6498214415949121,18.29972217204921,0.6295003779087561,18.22287132626504,0.7722402588668308,20.38160270312705,0.6273612088303236,19.992613221846547
UIEB_88.png,0.5931599670522347,16.798634588837146,0.4449933337521294,16.48637005055504,0.6925604569308547,18.686469386451343,0.37688020909412673,17.71465524939144
UIEB_883.png,0.8676339233821165,18.97390346869762,0.7861531712659947,18.50086028050483,0.831044013872796,20.19027183189893,0.7034596515989223,19.409925857980348
UIEB_92.png,0.7501290717067458,17.297909844072827,0.6182914003442405,16.80317709983556,0.8337503337361977,21.518183507793935,0.595171744682141,19.986246403298665
UIEB_96.png,0.49446456681607676,11.800097518517374,0.5007388312632858,12.324569906544376,0.6703066898602281,17.69464164433602,0.5689059504034505,17.35186765787484
UIEB_97.png,0.8406499799259737,17.978297952146733,0.5919206962905574,16.526379185112376,0.7981718273278487,19.685604865863738,0.4244093121375862,16.6782959544954
