image_name,split,height,width,channels,mean_enh
UIEB_1.png,test,338,600,3,122.58
UIEB_11.png,test,338,600,3,103.702
UIEB_110.png,test,400,600,3,113.6397
UIEB_116.png,test,386,600,3,99.5089
UIEB_117.png,test,450,600,3,105.484
UIEB_122.png,test,450,600,3,111.2437
UIEB_127.png,test,450,600,3,108.9189
UIEB_129.png,test,398,600,3,131.8525
UIEB_134.png,test,336,600,3,115.9747
UIEB_140.png,test,450,600,3,110.3517
UIEB_145.png,test,450,600,3,107.2247
UIEB_150.png,test,450,600,3,107.0845
UIEB_154.png,test,450,600,3,104.7171
UIEB_156.png,test,450,600,3,105.3954
UIEB_162.png,test,359,600,3,97.472
UIEB_170.png,test,450,600,3,114.0943
UIEB_177.png,test,450,600,3,109.801
UIEB_180.png,test,450,600,3,115.302
UIEB_188.png,test,450,600,3,100.5136
UIEB_190.png,test,400,600,3,115.1648
UIEB_193.png,test,450,600,3,106.983
UIEB_194.png,test,338,600,3,98.1961
UIEB_207.png,test,450,600,3,106.7332
UIEB_213.png,test,338,600,3,99.3439
UIEB_215.png,test,377,600,3,94.3879
UIEB_219.png,test,349,600,3,123.7417
UIEB_222.png,test,403,600,3,94.7777
UIEB_239.png,test,338,600,3,102.7106
UIEB_242.png,test,399,600,3,113.1701
UIEB_243.png,test,449,600,3,110.051
UIEB_248.png,test,338,600,3,103.4808
UIEB_267.png,test,450,600,3,110.3815
UIEB_269.png,test,336,600,3,96.1573
UIEB_270.png,test,399,600,3,99.1618
UIEB_279.png,test,416,600,3,107.6124
UIEB_28.png,test,400,600,3,114.2743
UIEB_283.png,test,416,600,3,107.6362
UIEB_291.png,test,449,600,3,91.4711
UIEB_293.png,test,399,600,3,99.7851
UIEB_305.png,test,338,600,3,108.5735
UIEB_315.png,test,503,600,3,117.8084
UIEB_317.png,test,401,600,3,117.3685
UIEB_324.png,test,402,600,3,85.5381
UIEB_325.png,test,450,600,3,124.3061
UIEB_340.png,test,450,600,3,109.1285
UIEB_341.png,test,382,600,3,102.3442
UIEB_344.png,test,375,600,3,112.7452
UIEB_347.png,test,374,600,3,132.5885
UIEB_358.png,test,450,600,3,125.3225
UIEB_364.png,test,338,600,3,104.5055
UIEB_376.png,test,450,600,3,102.5299
UIEB_380.png,test,450,600,3,100.1831
UIEB_382.png,test,300,600,3,118.6138
UIEB_396.png,test,400,600,3,96.9715
UIEB_401.png,test,335,600,3,99.1648
UIEB_403.png,test,266,600,3,112.6296
UIEB_407.png,test,450,600,3,105.8879
UIEB_409.png,test,450,600,3,156.3902
UIEB_428.png,test,449,600,3,114.7381
UIEB_433.png,test,450,600,3,122.6283
UIEB_439.png,test,769,600,3,133.341
UIEB_44.png,test,450,600,3,105.8236
UIEB_445.png,test,450,600,3,111.8406
UIEB_447.png,test,450,600,3,109.5708
UIEB_449.png,test,380,600,3,109.3765
UIEB_450.png,test,339,600,3,142.2334
UIEB_46.png,test,450,600,3,109.9152
UIEB_470.png,test,400,600,3,106.9487
UIEB_475.png,test,400,600,3,138.7223
UIEB_483.png,test,450,600,3,114.0512
UIEB_491.png,test,400,600,3,102.0357
UIEB_508.png,test,400,600,3,118.7685
UIEB_509.png,test,400,600,3,111.0294
UIEB_511.png,test,400,600,3,103.1682
UIEB_512.png,test,400,600,3,120.9597
UIEB_514.png,test,400,600,3,114.2872
UIEB_519.png,test,343,600,3,104.2662
UIEB_523.png,test,450,600,3,106.893
UIEB_526.png,test,450,600,3,113.8851
UIEB_527.png,test,450,600,3,110.8971
UIEB_528.png,test,450,600,3,104.9394
UIEB_535.png,test,338,600,3,98.5739
UIEB_54.png,test,376,600,3,101.0479
UIEB_541.png,test,450,600,3,110.8867
UIEB_542.png,test,450,600,3,109.04
UIEB_548.png,test,450,600,3,122.0354
UIEB_553.png,test,374,600,3,108.0193
UIEB_557.png,test,450,600,3,108.4596
UIEB_559.png,test,450,600,3,111.0828
UIEB_568.png,test,450,600,3,109.2545
UIEB_600.png,test,450,600,3,124.9633
UIEB_605.png,test,321,600,3,143.5582
UIEB_606.png,test,432,600,3,108.4042
UIEB_607.png,test,433,600,3,110.9758
UIEB_609.png,test,450,600,3,97.1467
UIEB_61.png,test,450,600,3,107.1517
UIEB_610.png,test,451,600,3,114.1025
UIEB_634.png,test,450,600,3,92.8542
UIEB_641.png,test,414,600,3,109.7718
UIEB_654.png,test,711,600,3,105.1226
UIEB_683.png,test,413,600,3,119.2638
UIEB_684.png,test,321,600,3,116.2393
UIEB_697.png,test,421,600,3,106.8729
UIEB_699.png,test,314,600,3,114.0776
UIEB_708.png,test,760,600,3,119.1219
UIEB_714.png,test,319,600,3,118.5373
UIEB_719.png,test,448,600,3,102.3171
UIEB_730.png,test,450,600,3,103.6377
UIEB_731.png,test,432,600,3,108.9135
UIEB_732.png,test,432,600,3,108.4211
UIEB_733.png,test,420,600,3,104.661
UIEB_75.png,test,450,600,3,99.156
UIEB_754.png,test,338,600,3,126.1481
UIEB_756.png,test,432,600,3,111.6455
UIEB_759.png,test,338,600,3,168.0622
UIEB_776.png,test,301,600,3,116.1042
UIEB_777.png,test,450,600,3,103.7858
UIEB_792.png,test,301,600,3,108.7083
UIEB_798.png,test,308,600,3,101.8397
UIEB_8.png,test,404,600,3,113.8739
UIEB_802.png,test,327,600,3,139.1784
UIEB_803.png,test,450,600,3,127.0573
UIEB_809.png,test,367,600,3,112.7912
UIEB_83.png,test,338,600,3,102.5049
UIEB_835.png,test,338,600,3,107.3908
UIEB_841.png,test,338,600,3,112.5265
UIEB_848.png,test,450,600,3,113.0593
UIEB_853.png,test,450,600,3,107.7541
UIEB_88.png,test,862,600,3,121.4072
UIEB_883.png,test,338,600,3,118.0582
UIEB_92.png,test,450,600,3,104.1599
UIEB_96.png,test,376,600,3,125.2584
UIEB_97.png,test,450,600,3,120.3297
