image_name,split
UIEB_0.png,train
UIEB_10.png,train
UIEB_100.png,train
UIEB_102.png,train
UIEB_103.png,train
UIEB_104.png,train
UIEB_105.png,train
UIEB_106.png,train
UIEB_107.png,train
UIEB_108.png,train
UIEB_109.png,train
UIEB_111.png,train
UIEB_112.png,train
UIEB_113.png,train
UIEB_114.png,train
UIEB_115.png,train
UIEB_118.png,train
UIEB_119.png,train
UIEB_12.png,train
UIEB_120.png,train
UIEB_121.png,train
UIEB_123.png,train
UIEB_124.png,train
UIEB_125.png,train
UIEB_126.png,train
UIEB_128.png,train
UIEB_130.png,train
UIEB_131.png,train
UIEB_132.png,train
UIEB_133.png,train
UIEB_135.png,train
UIEB_136.png,train
UIEB_137.png,train
UIEB_138.png,train
UIEB_139.png,train
UIEB_14.png,train
UIEB_141.png,train
UIEB_142.png,train
UIEB_143.png,train
UIEB_144.png,train
UIEB_146.png,train
UIEB_147.png,train
UIEB_148.png,train
UIEB_149.png,train
UIEB_15.png,train
UIEB_151.png,train
UIEB_152.png,train
UIEB_153.png,train
UIEB_155.png,train
UIEB_157.png,train
UIEB_158.png,train
UIEB_159.png,train
UIEB_16.png,train
UIEB_160.png,train
UIEB_161.png,train
UIEB_163.png,train
UIEB_164.png,train
UIEB_165.png,train
UIEB_166.png,train
UIEB_167.png,train
UIEB_168.png,train
UIEB_169.png,train
UIEB_17.png,train
UIEB_171.png,train
UIEB_172.png,train
UIEB_173.png,train
UIEB_174.png,train
UIEB_176.png,train
UIEB_178.png,train
UIEB_179.png,train
UIEB_18.png,train
UIEB_181.png,train
UIEB_182.png,train
UIEB_183.png,train
UIEB_185.png,train
UIEB_186.png,train
UIEB_189.png,train
UIEB_19.png,train
UIEB_191.png,train
UIEB_192.png,train
UIEB_195.png,train
UIEB_196.png,train
UIEB_197.png,train
UIEB_198.png,train
UIEB_199.png,train
UIEB_20.png,train
UIEB_200.png,train
UIEB_201.png,train
UIEB_202.png,train
UIEB_203.png,train
UIEB_204.png,train
UIEB_205.png,train
UIEB_206.png,train
UIEB_21.png,train
UIEB_210.png,train
UIEB_211.png,train
UIEB_212.png,train
UIEB_216.png,train
UIEB_217.png,train
UIEB_218.png,train
UIEB_22.png,train
UIEB_220.png,train
UIEB_221.png,train
UIEB_223.png,train
UIEB_224.png,train
UIEB_225.png,train
UIEB_226.png,train
UIEB_228.png,train
UIEB_229.png,train
UIEB_231.png,train
UIEB_232.png,train
UIEB_234.png,train
UIEB_235.png,train
UIEB_236.png,train
UIEB_237.png,train
UIEB_238.png,train
UIEB_24.png,train
UIEB_240.png,train
UIEB_244.png,train
UIEB_245.png,train
UIEB_246.png,train
UIEB_247.png,train
UIEB_249.png,train
UIEB_25.png,train
UIEB_250.png,train
UIEB_252.png,train
UIEB_253.png,train
UIEB_254.png,train
UIEB_255.png,train
UIEB_256.png,train
UIEB_257.png,train
UIEB_258.png,train
UIEB_259.png,train
UIEB_26.png,train
UIEB_260.png,train
UIEB_261.png,train
UIEB_262.png,train
UIEB_264.png,train
UIEB_265.png,train
UIEB_268.png,train
UIEB_27.png,train
UIEB_271.png,train
UIEB_272.png,train
UIEB_273.png,train
UIEB_274.png,train
UIEB_275.png,train
UIEB_277.png,train
UIEB_278.png,train
UIEB_281.png,train
UIEB_282.png,train
UIEB_285.png,train
UIEB_286.png,train
UIEB_287.png,train
UIEB_288.png,train
UIEB_289.png,train
UIEB_29.png,train
UIEB_290.png,train
UIEB_292.png,train
UIEB_295.png,train
UIEB_297.png,train
UIEB_298.png,train
UIEB_299.png,train
UIEB_3.png,train
UIEB_300.png,train
UIEB_301.png,train
UIEB_302.png,train
UIEB_303.png,train
UIEB_304.png,train
UIEB_306.png,train
UIEB_309.png,train
UIEB_31.png,train
UIEB_310.png,train
UIEB_311.png,train
UIEB_312.png,train
UIEB_313.png,train
UIEB_318.png,train
UIEB_319.png,train
UIEB_320.png,train
UIEB_321.png,train
UIEB_322.png,train
UIEB_323.png,train
UIEB_326.png,train
UIEB_327.png,train
UIEB_328.png,train
UIEB_329.png,train
UIEB_33.png,train
UIEB_331.png,train
UIEB_332.png,train
UIEB_333.png,train
UIEB_335.png,train
UIEB_336.png,train
UIEB_337.png,train
UIEB_338.png,train
UIEB_34.png,train
UIEB_342.png,train
UIEB_343.png,train
UIEB_345.png,train
UIEB_346.png,train
UIEB_348.png,train
UIEB_349.png,train
UIEB_350.png,train
UIEB_351.png,train
UIEB_353.png,train
UIEB_354.png,train
UIEB_355.png,train
UIEB_356.png,train
UIEB_357.png,train
UIEB_359.png,train
UIEB_36.png,train
UIEB_360.png,train
UIEB_361.png,train
UIEB_363.png,train
UIEB_365.png,train
UIEB_367.png,train
UIEB_368.png,train
UIEB_369.png,train
UIEB_37.png,train
UIEB_370.png,train
UIEB_371.png,train
UIEB_372.png,train
UIEB_373.png,train
UIEB_374.png,train
UIEB_375.png,train
UIEB_377.png,train
UIEB_378.png,train
UIEB_379.png,train
UIEB_38.png,train
UIEB_381.png,train
UIEB_383.png,train
UIEB_385.png,train
UIEB_386.png,train
UIEB_387.png,train
UIEB_388.png,train
UIEB_389.png,train
UIEB_39.png,train
UIEB_390.png,train
UIEB_392.png,train
UIEB_393.png,train
UIEB_394.png,train
UIEB_395.png,train
UIEB_397.png,train
UIEB_398.png,train
UIEB_399.png,train
UIEB_4.png,train
UIEB_40.png,train
UIEB_400.png,train
UIEB_402.png,train
UIEB_404.png,train
UIEB_405.png,train
UIEB_406.png,train
UIEB_408.png,train
UIEB_41.png,train
UIEB_412.png,train
UIEB_413.png,train
UIEB_414.png,train
UIEB_415.png,train
UIEB_416.png,train
UIEB_417.png,train
UIEB_418.png,train
UIEB_419.png,train
UIEB_42.png,train
UIEB_421.png,train
UIEB_422.png,train
UIEB_423.png,train
UIEB_424.png,train
UIEB_425.png,train
UIEB_426.png,train
UIEB_427.png,train
UIEB_429.png,train
UIEB_43.png,train
UIEB_430.png,train
UIEB_431.png,train
UIEB_432.png,train
UIEB_435.png,train
UIEB_436.png,train
UIEB_438.png,train
UIEB_440.png,train
UIEB_441.png,train
UIEB_442.png,train
UIEB_443.png,train
UIEB_448.png,train
UIEB_45.png,train
UIEB_452.png,train
UIEB_453.png,train
UIEB_454.png,train
UIEB_455.png,train
UIEB_457.png,train
UIEB_458.png,train
UIEB_461.png,train
UIEB_462.png,train
UIEB_463.png,train
UIEB_465.png,train
UIEB_466.png,train
UIEB_467.png,train
UIEB_469.png,train
UIEB_47.png,train
UIEB_473.png,train
UIEB_474.png,train
UIEB_476.png,train
UIEB_477.png,train
UIEB_478.png,train
UIEB_479.png,train
UIEB_48.png,train
UIEB_480.png,train
UIEB_481.png,train
UIEB_482.png,train
UIEB_484.png,train
UIEB_485.png,train
UIEB_486.png,train
UIEB_487.png,train
UIEB_488.png,train
UIEB_489.png,train
UIEB_49.png,train
UIEB_490.png,train
UIEB_492.png,train
UIEB_493.png,train
UIEB_495.png,train
UIEB_496.png,train
UIEB_498.png,train
UIEB_499.png,train
UIEB_5.png,train
UIEB_50.png,train
UIEB_500.png,train
UIEB_501.png,train
UIEB_502.png,train
UIEB_503.png,train
UIEB_504.png,train
UIEB_505.png,train
UIEB_506.png,train
UIEB_507.png,train
UIEB_51.png,train
UIEB_510.png,train
UIEB_515.png,train
UIEB_517.png,train
UIEB_518.png,train
UIEB_52.png,train
UIEB_520.png,train
UIEB_521.png,train
UIEB_522.png,train
UIEB_525.png,train
UIEB_529.png,train
UIEB_53.png,train
UIEB_530.png,train
UIEB_531.png,train
UIEB_532.png,train
UIEB_533.png,train
UIEB_534.png,train
UIEB_536.png,train
UIEB_537.png,train
UIEB_538.png,train
UIEB_540.png,train
UIEB_543.png,train
UIEB_544.png,train
UIEB_545.png,train
UIEB_547.png,train
UIEB_549.png,train
UIEB_55.png,train
UIEB_550.png,train
UIEB_552.png,train
UIEB_555.png,train
UIEB_556.png,train
UIEB_56.png,train
UIEB_560.png,train
UIEB_561.png,train
UIEB_562.png,train
UIEB_563.png,train
UIEB_564.png,train
UIEB_565.png,train
UIEB_566.png,train
UIEB_567.png,train
UIEB_569.png,train
UIEB_57.png,train
UIEB_570.png,train
UIEB_572.png,train
UIEB_573.png,train
UIEB_574.png,train
UIEB_575.png,train
UIEB_576.png,train
UIEB_577.png,train
UIEB_578.png,train
UIEB_579.png,train
UIEB_58.png,train
UIEB_580.png,train
UIEB_581.png,train
UIEB_582.png,train
UIEB_583.png,train
UIEB_584.png,train
UIEB_585.png,train
UIEB_587.png,train
UIEB_588.png,train
UIEB_589.png,train
UIEB_59.png,train
UIEB_590.png,train
UIEB_591.png,train
UIEB_592.png,train
UIEB_594.png,train
UIEB_595.png,train
UIEB_596.png,train
UIEB_598.png,train
UIEB_599.png,train
UIEB_60.png,train
UIEB_602.png,train
UIEB_603.png,train
UIEB_604.png,train
UIEB_611.png,train
UIEB_612.png,train
UIEB_613.png,train
UIEB_614.png,train
UIEB_615.png,train
UIEB_616.png,train
UIEB_619.png,train
UIEB_62.png,train
UIEB_621.png,train
UIEB_622.png,train
UIEB_623.png,train
UIEB_624.png,train
UIEB_625.png,train
UIEB_626.png,train
UIEB_627.png,train
UIEB_628.png,train
UIEB_629.png,train
UIEB_63.png,train
UIEB_630.png,train
UIEB_631.png,train
UIEB_632.png,train
UIEB_633.png,train
UIEB_635.png,train
UIEB_636.png,train
UIEB_637.png,train
UIEB_638.png,train
UIEB_639.png,train
UIEB_64.png,train
UIEB_640.png,train
UIEB_642.png,train
UIEB_643.png,train
UIEB_644.png,train
UIEB_645.png,train
UIEB_646.png,train
UIEB_647.png,train
UIEB_651.png,train
UIEB_653.png,train
UIEB_655.png,train
UIEB_656.png,train
UIEB_657.png,train
UIEB_658.png,train
UIEB_66.png,train
UIEB_660.png,train
UIEB_661.png,train
UIEB_662.png,train
UIEB_664.png,train
UIEB_665.png,train
UIEB_667.png,train
UIEB_668.png,train
UIEB_67.png,train
UIEB_671.png,train
UIEB_672.png,train
UIEB_673.png,train
UIEB_674.png,train
UIEB_676.png,train
UIEB_680.png,train
UIEB_681.png,train
UIEB_686.png,train
UIEB_687.png,train
UIEB_688.png,train
UIEB_689.png,train
UIEB_69.png,train
UIEB_692.png,train
UIEB_693.png,train
UIEB_694.png,train
UIEB_695.png,train
UIEB_696.png,train
UIEB_698.png,train
UIEB_7.png,train
UIEB_70.png,train
UIEB_701.png,train
UIEB_702.png,train
UIEB_703.png,train
UIEB_704.png,train
UIEB_706.png,train
UIEB_707.png,train
UIEB_709.png,train
UIEB_710.png,train
UIEB_711.png,train
UIEB_712.png,train
UIEB_713.png,train
UIEB_717.png,train
UIEB_718.png,train
UIEB_72.png,train
UIEB_720.png,train
UIEB_721.png,train
UIEB_723.png,train
UIEB_724.png,train
UIEB_725.png,train
UIEB_728.png,train
UIEB_729.png,train
UIEB_734.png,train
UIEB_735.png,train
UIEB_736.png,train
UIEB_737.png,train
UIEB_738.png,train
UIEB_739.png,train
UIEB_74.png,train
UIEB_740.png,train
UIEB_741.png,train
UIEB_742.png,train
UIEB_743.png,train
UIEB_744.png,train
UIEB_746.png,train
UIEB_747.png,train
UIEB_748.png,train
UIEB_749.png,train
UIEB_750.png,train
UIEB_752.png,train
UIEB_753.png,train
UIEB_758.png,train
UIEB_76.png,train
UIEB_760.png,train
UIEB_761.png,train
UIEB_762.png,train
UIEB_763.png,train
UIEB_764.png,train
UIEB_765.png,train
UIEB_766.png,train
UIEB_768.png,train
UIEB_77.png,train
UIEB_770.png,train
UIEB_771.png,train
UIEB_773.png,train
UIEB_774.png,train
UIEB_775.png,train
UIEB_779.png,train
UIEB_78.png,train
UIEB_781.png,train
UIEB_783.png,train
UIEB_784.png,train
UIEB_785.png,train
UIEB_787.png,train
UIEB_788.png,train
UIEB_789.png,train
UIEB_79.png,train
UIEB_791.png,train
UIEB_793.png,train
UIEB_794.png,train
UIEB_795.png,train
UIEB_797.png,train
UIEB_799.png,train
UIEB_80.png,train
UIEB_801.png,train
UIEB_804.png,train
UIEB_805.png,train
UIEB_806.png,train
UIEB_807.png,train
UIEB_810.png,train
UIEB_811.png,train
UIEB_812.png,train
UIEB_814.png,train
UIEB_815.png,train
UIEB_818.png,train
UIEB_819.png,train
UIEB_82.png,train
UIEB_820.png,train
UIEB_822.png,train
UIEB_823.png,train
UIEB_824.png,train
UIEB_825.png,train
UIEB_826.png,train
UIEB_827.png,train
UIEB_829.png,train
UIEB_830.png,train
UIEB_831.png,train
UIEB_833.png,train
UIEB_834.png,train
UIEB_836.png,train
UIEB_837.png,train
UIEB_838.png,train
UIEB_839.png,train
UIEB_84.png,train
UIEB_843.png,train
UIEB_844.png,train
UIEB_845.png,train
UIEB_846.png,train
UIEB_847.png,train
UIEB_849.png,train
UIEB_85.png,train
UIEB_850.png,train
UIEB_851.png,train
UIEB_852.png,train
UIEB_854.png,train
UIEB_855.png,train
UIEB_857.png,train
UIEB_858.png,train
UIEB_859.png,train
UIEB_86.png,train
UIEB_862.png,train
UIEB_863.png,train
UIEB_866.png,train
UIEB_867.png,train
UIEB_868.png,train
UIEB_87.png,train
UIEB_870.png,train
UIEB_871.png,train
UIEB_872.png,train
UIEB_873.png,train
UIEB_874.png,train
UIEB_875.png,train
UIEB_878.png,train
UIEB_879.png,train
UIEB_880.png,train
UIEB_881.png,train
UIEB_882.png,train
UIEB_885.png,train
UIEB_886.png,train
UIEB_887.png,train
UIEB_888.png,train
UIEB_89.png,train
UIEB_9.png,train
UIEB_90.png,train
UIEB_91.png,train
UIEB_93.png,train
UIEB_94.png,train
UIEB_95.png,train
UIEB_98.png,train
UIEB_99.png,train
UIEB_101.png,val
UIEB_13.png,val
UIEB_175.png,val
UIEB_184.png,val
UIEB_187.png,val
UIEB_2.png,val
UIEB_208.png,val
UIEB_209.png,val
UIEB_214.png,val
UIEB_227.png,val
UIEB_23.png,val
UIEB_230.png,val
UIEB_233.png,val
UIEB_241.png,val
UIEB_251.png,val
UIEB_263.png,val
UIEB_266.png,val
UIEB_276.png,val
UIEB_280.png,val
UIEB_284.png,val
UIEB_294.png,val
UIEB_296.png,val
UIEB_30.png,val
UIEB_307.png,val
UIEB_308.png,val
UIEB_314.png,val
UIEB_316.png,val
UIEB_32.png,val
UIEB_330.png,val
UIEB_334.png,val
UIEB_339.png,val
UIEB_35.png,val
UIEB_352.png,val
UIEB_362.png,val
UIEB_366.png,val
UIEB_384.png,val
UIEB_391.png,val
UIEB_410.png,val
UIEB_411.png,val
UIEB_420.png,val
UIEB_434.png,val
UIEB_437.png,val
UIEB_444.png,val
UIEB_446.png,val
UIEB_451.png,val
UIEB_456.png,val
UIEB_459.png,val
UIEB_460.png,val
UIEB_464.png,val
UIEB_468.png,val
UIEB_471.png,val
UIEB_472.png,val
UIEB_494.png,val
UIEB_497.png,val
UIEB_513.png,val
UIEB_516.png,val
UIEB_524.png,val
UIEB_539.png,val
UIEB_546.png,val
UIEB_551.png,val
UIEB_554.png,val
UIEB_558.png,val
UIEB_571.png,val
UIEB_586.png,val
UIEB_593.png,val
UIEB_597.png,val
UIEB_6.png,val
UIEB_601.png,val
UIEB_608.png,val
UIEB_617.png,val
UIEB_618.png,val
UIEB_620.png,val
UIEB_648.png,val
UIEB_649.png,val
UIEB_65.png,val
UIEB_650.png,val
UIEB_652.png,val
UIEB_659.png,val
UIEB_663.png,val
UIEB_666.png,val
UIEB_669.png,val
UIEB_670.png,val
UIEB_675.png,val
UIEB_677.png,val
UIEB_678.png,val
UIEB_679.png,val
UIEB_68.png,val
UIEB_682.png,val
UIEB_685.png,val
UIEB_690.png,val
UIEB_691.png,val
UIEB_700.png,val
UIEB_705.png,val
UIEB_71.png,val
UIEB_715.png,val
UIEB_716.png,val
UIEB_722.png,val
UIEB_726.png,val
UIEB_727.png,val
UIEB_73.png,val
UIEB_745.png,val
UIEB_751.png,val
UIEB_755.png,val
UIEB_757.png,val
UIEB_767.png,val
UIEB_769.png,val
UIEB_772.png,val
UIEB_778.png,val
UIEB_780.png,val
UIEB_782.png,val
UIEB_786.png,val
UIEB_790.png,val
UIEB_796.png,val
UIEB_800.png,val
UIEB_808.png,val
UIEB_81.png,val
UIEB_813.png,val
UIEB_816.png,val
UIEB_817.png,val
UIEB_821.png,val
UIEB_828.png,val
UIEB_832.png,val
UIEB_840.png,val
UIEB_842.png,val
UIEB_856.png,val
UIEB_860.png,val
UIEB_861.png,val
UIEB_864.png,val
UIEB_865.png,val
UIEB_869.png,val
UIEB_876.png,val
UIEB_877.png,val
UIEB_884.png,val
UIEB_889.png,val
UIEB_1.png,test
UIEB_11.png,test
UIEB_110.png,test
UIEB_116.png,test
UIEB_117.png,test
UIEB_122.png,test
UIEB_127.png,test
UIEB_129.png,test
UIEB_134.png,test
UIEB_140.png,test
UIEB_145.png,test
UIEB_150.png,test
UIEB_154.png,test
UIEB_156.png,test
UIEB_162.png,test
UIEB_170.png,test
UIEB_177.png,test
UIEB_180.png,test
UIEB_188.png,test
UIEB_190.png,test
UIEB_193.png,test
UIEB_194.png,test
UIEB_207.png,test
UIEB_213.png,test
UIEB_215.png,test
UIEB_219.png,test
UIEB_222.png,test
UIEB_239.png,test
UIEB_242.png,test
UIEB_243.png,test
UIEB_248.png,test
UIEB_267.png,test
UIEB_269.png,test
UIEB_270.png,test
UIEB_279.png,test
UIEB_28.png,test
UIEB_283.png,test
UIEB_291.png,test
UIEB_293.png,test
UIEB_305.png,test
UIEB_315.png,test
UIEB_317.png,test
UIEB_324.png,test
UIEB_325.png,test
UIEB_340.png,test
UIEB_341.png,test
UIEB_344.png,test
UIEB_347.png,test
UIEB_358.png,test
UIEB_364.png,test
UIEB_376.png,test
UIEB_380.png,test
UIEB_382.png,test
UIEB_396.png,test
UIEB_401.png,test
UIEB_403.png,test
UIEB_407.png,test
UIEB_409.png,test
UIEB_428.png,test
UIEB_433.png,test
UIEB_439.png,test
UIEB_44.png,test
UIEB_445.png,test
UIEB_447.png,test
UIEB_449.png,test
UIEB_450.png,test
UIEB_46.png,test
UIEB_470.png,test
UIEB_475.png,test
UIEB_483.png,test
UIEB_491.png,test
UIEB_508.png,test
UIEB_509.png,test
UIEB_511.png,test
UIEB_512.png,test
UIEB_514.png,test
UIEB_519.png,test
UIEB_523.png,test
UIEB_526.png,test
UIEB_527.png,test
UIEB_528.png,test
UIEB_535.png,test
UIEB_54.png,test
UIEB_541.png,test
UIEB_542.png,test
UIEB_548.png,test
UIEB_553.png,test
UIEB_557.png,test
UIEB_559.png,test
UIEB_568.png,test
UIEB_600.png,test
UIEB_605.png,test
UIEB_606.png,test
UIEB_607.png,test
UIEB_609.png,test
UIEB_61.png,test
UIEB_610.png,test
UIEB_634.png,test
UIEB_641.png,test
UIEB_654.png,test
UIEB_683.png,test
UIEB_684.png,test
UIEB_697.png,test
UIEB_699.png,test
UIEB_708.png,test
UIEB_714.png,test
UIEB_719.png,test
UIEB_730.png,test
UIEB_731.png,test
UIEB_732.png,test
UIEB_733.png,test
UIEB_75.png,test
UIEB_754.png,test
UIEB_756.png,test
UIEB_759.png,test
UIEB_776.png,test
UIEB_777.png,test
UIEB_792.png,test
UIEB_798.png,test
UIEB_8.png,test
UIEB_802.png,test
UIEB_803.png,test
UIEB_809.png,test
UIEB_83.png,test
UIEB_835.png,test
UIEB_841.png,test
UIEB_848.png,test
UIEB_853.png,test
UIEB_88.png,test
UIEB_883.png,test
UIEB_92.png,test
UIEB_96.png,test
UIEB_97.png,test
