image_name,split,ssim_actual,psnr_actual
UIEB_0.png,train,0.8270387245517195,14.600730196657084
UIEB_1.png,test,0.7754584915950532,14.671663097247386
UIEB_10.png,train,0.8353986582322502,20.966065846309178
UIEB_100.png,train,0.8256824218020736,18.565324604285877
UIEB_101.png,val,0.8819098559413251,18.598556789280916
UIEB_102.png,train,0.6841391077357106,14.85209029606958
UIEB_103.png,train,0.8855114710942159,19.606265621919803
UIEB_104.png,train,0.6782477631754745,11.55558302508653
UIEB_105.png,train,0.8741310350998616,18.47668589339603
UIEB_106.png,train,0.9141747961936098,22.70326444218378
UIEB_107.png,train,0.7038327767542539,13.633306705380832
UIEB_108.png,train,0.6021633476829366,16.461017488465167
UIEB_109.png,train,0.868022367119997,19.511154576578456
UIEB_11.png,test,0.7419568421993459,12.660411773984336
UIEB_110.png,test,0.930545031575576,22.92171874031957
UIEB_111.png,train,0.8188951697812673,20.018801428215603
UIEB_112.png,train,0.7757283715466623,16.959976229206255
UIEB_113.png,train,0.6583400363945363,15.200348936895914
UIEB_114.png,train,0.7143775454784841,18.73656738815707
UIEB_115.png,train,0.7817358724954312,16.90858636603794
UIEB_116.png,test,0.8161895050977336,17.56386366841496
UIEB_117.png,test,0.683013759709885,16.52483287869236
UIEB_118.png,train,0.8071806078436868,18.546705869509704
UIEB_119.png,train,0.6772295843803539,11.258903708302233
UIEB_12.png,train,0.7758434581203338,18.38930716317558
UIEB_120.png,train,0.6316211140340843,15.591563159281893
UIEB_121.png,train,0.7875167321769975,21.30141687292396
UIEB_122.png,test,0.7224335613314027,14.352697322520765
UIEB_123.png,train,0.7845369632550615,18.9970497354997
UIEB_124.png,train,0.8125212434014563,18.072008834319483
UIEB_125.png,train,0.8983941590557265,23.650442291703328
UIEB_126.png,train,0.8387486540545984,21.33253680360418
UIEB_127.png,test,0.7378244092966216,14.962313871091945
UIEB_128.png,train,0.8388397892392292,17.80080696302
UIEB_129.png,test,0.8007893775217814,15.9042914145206
UIEB_13.png,val,0.603169384146974,13.331357982950628
UIEB_130.png,train,0.7882156315173928,17.175279536415022
UIEB_131.png,train,0.8067420717975174,18.67610216480546
UIEB_132.png,train,0.8102013575159268,22.208795877376104
UIEB_133.png,train,0.8188567778140712,17.09786478018436
UIEB_134.png,test,0.9088228904022326,23.466609724750715
UIEB_135.png,train,0.8513615204201846,18.924635596201373
UIEB_136.png,train,0.7651556737636015,18.605104868819616
UIEB_137.png,train,0.5886554701706891,12.251343538485674
UIEB_138.png,train,0.8744521546825594,18.005744337293393
UIEB_139.png,train,0.5779795775106633,15.965217584867208
UIEB_14.png,train,0.8926831074222165,21.31732808477644
UIEB_140.png,test,0.8282141214519047,21.43430281655459
UIEB_141.png,train,0.8518954539395037,18.644647746237688
UIEB_142.png,train,0.8851944154711905,21.54687409134688
UIEB_143.png,train,0.8090473458396028,16.214826090287634
UIEB_144.png,train,0.8249101315823614,17.29951073895444
UIEB_145.png,test,0.7976235959762779,17.031106402258704
UIEB_146.png,train,0.787620826495855,16.15365038636359
UIEB_147.png,train,0.654444441615222,15.225870850893992
UIEB_148.png,train,0.6419238434038951,16.7800712153616
UIEB_149.png,train,0.7566363374124645,17.09439830534378
UIEB_15.png,train,0.8688117023797983,17.710362490659858
UIEB_150.png,test,0.7790024411311262,17.092407790623735
UIEB_151.png,train,0.7266373813522299,17.261654337906847
UIEB_152.png,train,0.8149128365892752,16.338792897476193
UIEB_153.png,train,0.7735520957817696,17.427967556298753
UIEB_154.png,test,0.6726746728380882,14.1144817219611
UIEB_155.png,train,0.6328327965560328,13.608042498620662
UIEB_156.png,test,0.8167663691269077,15.82893854698175
UIEB_157.png,train,0.814084847253433,15.83440897006858
UIEB_158.png,train,0.7736241462084088,15.425225489536308
UIEB_159.png,train,0.8345435572658527,17.101003023435204
UIEB_16.png,train,0.5821139975809229,12.583232906891661
UIEB_160.png,train,0.7490260412245027,17.021953758514236
UIEB_161.png,train,0.6754769847807999,13.62276551782426
UIEB_162.png,test,0.6262872308768233,12.884046795041007
UIEB_163.png,train,0.7336951067697051,17.27330559425779
UIEB_164.png,train,0.8216351514650199,16.061940877683554
UIEB_165.png,train,0.556661393596257,15.574875375710874
UIEB_166.png,train,0.6366891838404056,18.305499928957623
UIEB_167.png,train,0.69225023416493,19.106446801033453
UIEB_168.png,train,0.7983710864684914,19.606088578645494
UIEB_169.png,train,0.693390532432112,19.707943917337897
UIEB_17.png,train,0.7355624661084499,18.42028779036951
UIEB_170.png,test,0.7204274328132808,13.36455096740908
UIEB_171.png,train,0.8581059461862827,21.42716952119084
UIEB_172.png,train,0.7740138553758537,17.291713463711904
UIEB_173.png,train,0.6115743499743082,15.968990423710906
UIEB_174.png,train,0.799325978047734,16.171841730612503
UIEB_175.png,val,0.6562194185535658,16.563949008088585
UIEB_176.png,train,0.8365411938502803,16.192350459874586
UIEB_177.png,test,0.6083827569929277,17.109414008604936
UIEB_178.png,train,0.7731644605539597,17.277717208949067
UIEB_179.png,train,0.791285396726383,20.855988061140806
UIEB_18.png,train,0.8939210837296496,20.002703660034417
UIEB_180.png,test,0.6845856719772025,16.914123012215235
UIEB_181.png,train,0.7707215553290414,17.728434338826737
UIEB_182.png,train,0.7971985397037965,17.072968834529373
UIEB_183.png,train,0.6703785832131895,15.648580041475658
UIEB_184.png,val,0.8201602644670607,17.826709280807002
UIEB_185.png,train,0.8621109205057934,17.608056080780607
UIEB_186.png,train,0.6829430556271534,15.942183761357915
UIEB_187.png,val,0.6905392899072443,9.972352533561137
UIEB_188.png,test,0.8207167375507473,16.684810010738875
UIEB_189.png,train,0.8825264643568337,23.759081709570534
UIEB_19.png,train,0.8921438288357822,19.331918160506877
UIEB_190.png,test,0.8977715474481686,22.908988539008156
UIEB_191.png,train,0.8179993049545301,20.534177827592927
UIEB_192.png,train,0.7407726899582877,16.33757525065096
UIEB_193.png,test,0.7067830586694089,18.449976768789902
UIEB_194.png,test,0.7094266084351636,15.080762865189781
UIEB_195.png,train,0.6824474186394047,18.115972893390836
UIEB_196.png,train,0.6033331948497421,12.018434043334372
UIEB_197.png,train,0.6816381512944681,18.460848303037267
UIEB_198.png,train,0.7550491411738669,18.399501008020405
UIEB_199.png,train,0.8282682933868891,17.257888451801932
UIEB_2.png,val,0.8400722507087549,18.66955432144741
UIEB_20.png,train,0.8342197238769732,16.480894207072595
UIEB_200.png,train,0.6781035437476501,18.431409581240302
UIEB_201.png,train,0.44188914733633844,11.908905117533433
UIEB_202.png,train,0.726519035147941,17.320663738958427
UIEB_203.png,train,0.8129254903461459,18.37710094951869
UIEB_204.png,train,0.6506936530623895,15.886950200177273
UIEB_205.png,train,0.7863687049105179,18.05056539316832
UIEB_206.png,train,0.6850025028683134,17.79088777287698
UIEB_207.png,test,0.6810290860056166,16.7883100522075
UIEB_208.png,val,0.8187249242278712,17.28482685873598
UIEB_209.png,val,0.7960857109512126,17.5769415604169
UIEB_21.png,train,0.7142215369096107,16.664274142041897
UIEB_210.png,train,0.7693663384366927,19.85546190623264
UIEB_211.png,train,0.868945263105973,20.617963853983603
UIEB_212.png,train,0.712125049133709,16.85494768574173
UIEB_213.png,test,0.7341986042664846,14.07756198497072
UIEB_214.png,val,0.6788902729091811,13.90138570129671
UIEB_215.png,test,0.8112517466771578,18.813462959270584
UIEB_216.png,train,0.6433260741305431,16.17372902980081
UIEB_217.png,train,0.6236735326488195,16.51375694433743
UIEB_218.png,train,0.719972893437177,17.958449705889233
UIEB_219.png,test,0.796836549994092,14.733078551209049
UIEB_22.png,train,0.6326020092659255,13.106234294715666
UIEB_220.png,train,0.8133320492340267,16.80055797170875
UIEB_221.png,train,0.7135638940994878,13.593613751319392
UIEB_222.png,test,0.7897982067649197,16.666972847972225
UIEB_223.png,train,0.8961000128968616,24.292884014896792
UIEB_224.png,train,0.8197329152860319,16.95230503844448
UIEB_225.png,train,0.6256944527027642,13.717729625289326
UIEB_226.png,train,0.8094146959650107,17.835827812854316
UIEB_227.png,val,0.9061789410660758,22.15433037915284
UIEB_228.png,train,0.8218828120409691,14.611120032446292
UIEB_229.png,train,0.7378009237278332,14.896393825364322
UIEB_23.png,val,0.8261197280776482,17.673830608910567
UIEB_230.png,val,0.8400375634704487,18.217953260578923
UIEB_231.png,train,0.877414883720109,19.399840334014446
UIEB_232.png,train,0.8838911752046843,20.09493740208923
UIEB_233.png,val,0.8658750091299124,19.697491764148026
UIEB_234.png,train,0.6456824651432097,13.946830203079678
UIEB_235.png,train,0.8662355390564964,18.91095308250225
UIEB_236.png,train,0.7144140187727235,14.73471206144325
UIEB_237.png,train,0.7835069062713481,14.852079760548612
UIEB_238.png,train,0.8627495121158514,19.70076272343393
UIEB_239.png,test,0.8798189503464154,18.693810791710625
UIEB_24.png,train,0.7734316116585739,17.48764424788854
UIEB_240.png,train,0.7369416522000849,15.26915144985761
UIEB_241.png,val,0.6734122469349955,14.850445987200168
UIEB_242.png,test,0.8357167744343815,15.410829078324541
UIEB_243.png,test,0.8381559312032927,18.84020244057804
UIEB_244.png,train,0.7465013316553911,17.05539564335953
UIEB_245.png,train,0.6367305705472964,13.02378229825875
UIEB_246.png,train,0.8659432441132644,20.284321353207492
UIEB_247.png,train,0.8033761278016747,19.344528589676248
UIEB_248.png,test,0.848982472729061,19.416671637177465
UIEB_249.png,train,0.847389334997807,16.294338728793115
UIEB_25.png,train,0.7796825352183125,15.422776722209552
UIEB_250.png,train,0.7885801008949743,15.812788038473682
UIEB_251.png,val,0.8007144254375418,16.2139937372307
UIEB_252.png,train,0.834572441703572,16.90648898569827
UIEB_253.png,train,0.7444705660982179,16.058173939663746
UIEB_254.png,train,0.7826472583514897,15.793718347315286
UIEB_255.png,train,0.8068676385443503,18.385304652006333
UIEB_256.png,train,0.797847304547339,17.178594732372442
UIEB_257.png,train,0.7148522953634545,13.069124809198374
UIEB_258.png,train,0.7142907876811186,15.861076941063999
UIEB_259.png,train,0.7618687894877249,13.965176885419686
UIEB_26.png,train,0.6088424450536446,12.830044877015252
UIEB_260.png,train,0.87482985095214,18.76238282053408
UIEB_261.png,train,0.6499429388545627,12.353447254701926
UIEB_262.png,train,0.5772048782705287,11.65985576589333
UIEB_263.png,val,0.7594029201524776,16.111333543616773
UIEB_264.png,train,0.7114002554365241,13.609856041698311
UIEB_265.png,train,0.7294511307263992,15.485635732105846
UIEB_266.png,val,0.7195459654253553,13.913338426972988
UIEB_267.png,test,0.8868364181182967,20.75374068600742
UIEB_268.png,train,0.7925285131263283,15.895465506086063
UIEB_269.png,test,0.7540420883991171,13.521349965204813
UIEB_27.png,train,0.6826642799140226,15.922236403072747
UIEB_270.png,test,0.74417566930173,16.357404147519826
UIEB_271.png,train,0.5897407286454645,13.106795739464985
UIEB_272.png,train,0.7458445081719068,14.272701101444705
UIEB_273.png,train,0.8482796287708281,17.838768162512466
UIEB_274.png,train,0.7175626481338385,15.978772696136804
UIEB_275.png,train,0.7077230842645958,14.832176186133939
UIEB_276.png,val,0.7303298102636893,14.532677984117493
UIEB_277.png,train,0.7764498571396342,15.579307418422676
UIEB_278.png,train,0.6470431139587779,15.345247885554585
UIEB_279.png,test,0.8801775630004999,18.076340954965975
UIEB_28.png,test,0.8257028326527549,18.14650332330856
UIEB_280.png,val,0.5198698330930781,11.56182155561819
UIEB_281.png,train,0.8126172249970723,17.716123049297384
UIEB_282.png,train,0.8110841628456429,16.55842840402756
UIEB_283.png,test,0.5979063025138625,12.404678098516955
UIEB_284.png,val,0.8167988848543034,17.85059924249728
UIEB_285.png,train,0.8202321050154149,16.78340912691302
UIEB_286.png,train,0.8072642736354331,16.647387488049453
UIEB_287.png,train,0.7581872808749339,17.087488241805627
UIEB_288.png,train,0.8344551463512423,17.450733088029082
UIEB_289.png,train,0.6964230714457716,13.668574054014599
UIEB_29.png,train,0.8558929093477694,17.718324276680892
UIEB_290.png,train,0.5679581865889326,13.28534090160465
UIEB_291.png,test,0.6188271050912186,12.604899276048558
UIEB_292.png,train,0.7055016793693613,14.861614162611732
UIEB_293.png,test,0.5363011024619833,11.398107371048397
UIEB_294.png,val,0.5475182850538985,11.52199281415289
UIEB_295.png,train,0.5423858071570192,12.634361586735821
UIEB_296.png,val,0.8116694388990346,16.579491746731044
UIEB_297.png,train,0.7486711268483589,15.403000499714171
UIEB_298.png,train,0.8116161409075868,18.02682453971663
UIEB_299.png,train,0.7098935574653673,14.400640965854304
UIEB_3.png,train,0.8904886605669703,17.93679522816367
UIEB_30.png,val,0.782282897334404,17.837399121874622
UIEB_300.png,train,0.7158541219838757,14.51092598265978
UIEB_301.png,train,0.675825454876716,13.228191017974229
UIEB_302.png,train,0.8293804440405834,16.238852187770703
UIEB_303.png,train,0.8786844575780522,21.184165813107647
UIEB_304.png,train,0.8995183133278234,20.98447494320491
UIEB_305.png,test,0.5800232043908531,10.980936241509035
UIEB_306.png,train,0.7183712630214143,12.82282022772873
UIEB_307.png,val,0.8142379268720056,17.694496092431983
UIEB_308.png,val,0.8117074442725252,17.26437261137655
UIEB_309.png,train,0.8743901972253592,23.04416820955703
UIEB_31.png,train,0.8131521654827529,20.002515288839454
UIEB_310.png,train,0.8265723211582832,17.465597045409822
UIEB_311.png,train,0.9350397692055218,22.669434094871246
UIEB_312.png,train,0.8921758252841302,20.673568495507073
UIEB_313.png,train,0.871260767715997,21.87019248300771
UIEB_314.png,val,0.6898127338949832,14.039043396037963
UIEB_315.png,test,0.8963571348860411,23.9313856866902
UIEB_316.png,val,0.6396250622487586,16.55451720054283
UIEB_317.png,test,0.7980870210654607,15.563288943233433
UIEB_318.png,train,0.7768729139068647,18.79015377000624
UIEB_319.png,train,0.8501588915309336,17.33142045770165
UIEB_32.png,val,0.8047305367235835,16.29873291117898
UIEB_320.png,train,0.700156349331977,17.714328610715153
UIEB_321.png,train,0.7749366070037181,16.354003387947657
UIEB_322.png,train,0.719356305015622,15.065970762327773
UIEB_323.png,train,0.9084063017041589,19.13259606712244
UIEB_324.png,test,0.5263282553357684,12.08075146251298
UIEB_325.png,test,0.7879911922327456,16.709495787882584
UIEB_326.png,train,0.8903859106165516,21.293907302735697
UIEB_327.png,train,0.7973440944429182,17.817464625142904
UIEB_328.png,train,0.7965300317040015,17.949904415498224
UIEB_329.png,train,0.8182054333148603,16.763505335576255
UIEB_33.png,train,0.8080640135318755,19.672573848230456
UIEB_330.png,val,0.8714456848651889,20.881057976008798
UIEB_331.png,train,0.9334883658982985,23.356736986790253
UIEB_332.png,train,0.4559058549338886,10.871769828987308
UIEB_333.png,train,0.7824946776948413,14.455913894656373
UIEB_334.png,val,0.8044566998879962,15.840721870003641
UIEB_335.png,train,0.6909601397228958,15.528336339816162
UIEB_336.png,train,0.7818322889722814,15.423018999240213
UIEB_337.png,train,0.43817852816814745,14.064122414710242
UIEB_338.png,train,0.6796098979995323,12.455276243655009
UIEB_339.png,val,0.8641552457294104,17.746314540375604
UIEB_34.png,train,0.7554692143898175,17.251576899929347
UIEB_340.png,test,0.457546661377235,12.929200661346222
UIEB_341.png,test,0.8513455937711817,14.589204472244326
UIEB_342.png,train,0.7976336772702636,16.95142098394482
UIEB_343.png,train,0.732780992578269,17.090898983980445
UIEB_344.png,test,0.7601295846250995,16.645706936024922
UIEB_345.png,train,0.82495993339708,16.79087595373832
UIEB_346.png,train,0.8128273644417293,19.616608003358394
UIEB_347.png,test,0.8652316687498917,17.367253225138477
UIEB_348.png,train,0.7014139742340814,13.331299993720192
UIEB_349.png,train,0.825602393035796,16.195986501632973
UIEB_35.png,val,0.8256383688588311,20.542102009567976
UIEB_350.png,train,0.565654011560358,13.94029535519133
UIEB_351.png,train,0.4419629664659526,11.251601902069382
UIEB_352.png,val,0.8045205871071394,17.272361466421035
UIEB_353.png,train,0.5305386186760304,11.878928561504603
UIEB_354.png,train,0.673351423905526,13.122371375961201
UIEB_355.png,train,0.7290143474718253,14.95138168504787
UIEB_356.png,train,0.6237803025303088,13.053450939854518
UIEB_357.png,train,0.8672960230795285,16.914351558210015
UIEB_358.png,test,0.7832706429913617,14.204933084142336
UIEB_359.png,train,0.8143974932215841,14.952143908300432
UIEB_36.png,train,0.7612330749047184,16.651300956456048
UIEB_360.png,train,0.7541456142083961,17.54502448953977
UIEB_361.png,train,0.7110518046764401,19.719855759419257
UIEB_362.png,val,0.866665871757241,20.22845658463952
UIEB_363.png,train,0.7778615192496767,17.107411698876653
UIEB_364.png,test,0.8550090474369364,18.024872680196594
UIEB_365.png,train,0.808866754338521,17.431430384304903
UIEB_366.png,val,0.7409910198176336,15.486183131457675
UIEB_367.png,train,0.7206489600965288,16.289966408609693
UIEB_368.png,train,0.7533914044019823,15.79793260722333
UIEB_369.png,train,0.7668314548824228,15.862552650795951
UIEB_37.png,train,0.8839406366173064,20.823411148602446
UIEB_370.png,train,0.804247733153126,17.066210194240508
UIEB_371.png,train,0.7286694128626493,17.40004841896152
UIEB_372.png,train,0.8430423652287734,20.588762008319982
UIEB_373.png,train,0.8091891781102483,17.885109645735692
UIEB_374.png,train,0.6631573249296119,15.988388548361577
UIEB_375.png,train,0.8454050059304458,16.38002804211093
UIEB_376.png,test,0.7373302124501867,14.859726463591292
UIEB_377.png,train,0.686889615562464,15.42301644597492
UIEB_378.png,train,0.7584814362687919,16.962293052276898
UIEB_379.png,train,0.7332224594306446,13.748686695664391
UIEB_38.png,train,0.8407577239680712,20.774237733244796
UIEB_380.png,test,0.7333021028258457,15.626242254841307
UIEB_381.png,train,0.7891336560512331,17.5920536321218
UIEB_382.png,test,0.7971262190046793,19.297864284819774
UIEB_383.png,train,0.8011864471418363,18.827544025424736
UIEB_384.png,val,0.8958003567151644,19.670713670685373
UIEB_385.png,train,0.7204951140864763,15.318311598699738
UIEB_386.png,train,0.7184507727745325,15.512267327472728
UIEB_387.png,train,0.8873301031309703,22.33557838211357
UIEB_388.png,train,0.8201811266642179,17.89732687061234
UIEB_389.png,train,0.823351819792337,17.724653640345963
UIEB_39.png,train,0.895879575069948,21.897544668337574
UIEB_390.png,train,0.7499577613661427,15.719352470945756
UIEB_391.png,val,0.8279358739172825,17.317913488233636
UIEB_392.png,train,0.7522843068999583,15.251988859398027
UIEB_393.png,train,0.8438418995404023,18.913389202009483
UIEB_394.png,train,0.8678908642382451,20.134093237458227
UIEB_395.png,train,0.7884267395294015,18.60680171326479
UIEB_396.png,test,0.6415250399319008,15.569618947851104
UIEB_397.png,train,0.7563245612117178,14.107860657450129
UIEB_398.png,train,0.8166895173496155,17.8034416619094
UIEB_399.png,train,0.7377640586397801,15.500413962733084
UIEB_4.png,train,0.7678699223634871,17.49788149162849
UIEB_40.png,train,0.7688730498062283,14.54928708587974
UIEB_400.png,train,0.8114561967137712,19.251177218605232
UIEB_401.png,test,0.5935281822492778,13.779479811124421
UIEB_402.png,train,0.8501607288221655,17.552543071230435
UIEB_403.png,test,0.5784233093763574,15.659839094434378
UIEB_404.png,train,0.7599804796542199,26.504970895765318
UIEB_405.png,train,0.6538043881736332,15.284153735219164
UIEB_406.png,train,0.7907148277681078,19.38198101187677
UIEB_407.png,test,0.6690250942701477,18.751061898732402
UIEB_408.png,train,0.7683733673987768,16.406080090844554
UIEB_409.png,test,0.7953683358537992,18.870603300244277
UIEB_41.png,train,0.7847243665407971,17.277454796087987
UIEB_410.png,val,0.8322078826836301,15.847194392361112
UIEB_411.png,val,0.7868903106312719,16.319264452666037
UIEB_412.png,train,0.8413652365441123,18.79004041703787
UIEB_413.png,train,0.8111640486498141,16.893339505954167
UIEB_414.png,train,0.8180625942844183,17.211928345700944
UIEB_415.png,train,0.8133965282228351,17.050454684567804
UIEB_416.png,train,0.6964884384737667,15.874227352188138
UIEB_417.png,train,0.7705067690045416,15.168351202578902
UIEB_418.png,train,0.7274719428131252,14.315194679073208
UIEB_419.png,train,0.7768996790583359,15.056397763627867
UIEB_42.png,train,0.8673096914876329,23.1592542358582
UIEB_420.png,val,0.8400841545975611,17.106932139480342
UIEB_421.png,train,0.7356494757783781,14.45040469101874
UIEB_422.png,train,0.7274845025532852,16.724856006630905
UIEB_423.png,train,0.7798216618719586,19.046840150298237
UIEB_424.png,train,0.8174443184255594,18.467998098972988
UIEB_425.png,train,0.8666894176490102,21.043822840219335
UIEB_426.png,train,0.8402046139312382,17.568531886923036
UIEB_427.png,train,0.7534678475654834,15.595094839844865
UIEB_428.png,test,0.8466131622330598,17.680028493005043
UIEB_429.png,train,0.6973668368943066,14.099256856743663
UIEB_43.png,train,0.5442861907494737,14.49045527819419
UIEB_430.png,train,0.5575987667434245,12.093833990124526
UIEB_431.png,train,0.6245067190662428,13.477910722249975
UIEB_432.png,train,0.7714841012623848,15.800308911245516
UIEB_433.png,test,0.7711788885744366,18.78637523577223
UIEB_434.png,val,0.8894294466011107,20.71796828350856
UIEB_435.png,train,0.8371631311004192,18.953150550257128
UIEB_436.png,train,0.6720028356586344,16.132763065504193
UIEB_437.png,val,0.7393387911693255,16.265635500781567
UIEB_438.png,train,0.7449673677108848,16.800735108443195
UIEB_439.png,test,0.8478428898035228,15.783280260990287
UIEB_44.png,test,0.7456885525583764,18.816544629234283
UIEB_440.png,train,0.7795829512979883,14.991758811840617
UIEB_441.png,train,0.8280932333422527,17.277138944803156
UIEB_442.png,train,0.7806454653347127,17.111230063526786
UIEB_443.png,train,0.8176973516607986,17.415382868250713
UIEB_444.png,val,0.7777276804436396,16.243798758717272
UIEB_445.png,test,0.8411889903705427,18.391939066240344
UIEB_446.png,val,0.7458700289696637,16.94660160397826
UIEB_447.png,test,0.6553998736182121,17.6289553013326
UIEB_448.png,train,0.7503936894096701,18.681202961162338
UIEB_449.png,test,0.8297395839239142,19.872314987698157
UIEB_45.png,train,0.6501284871219144,14.812473277596148
UIEB_450.png,test,0.6339596524967611,12.773183902597475
UIEB_451.png,val,0.5179232059828194,13.090549432304968
UIEB_452.png,train,0.8321385251918961,17.0948068423452
UIEB_453.png,train,0.8189312330792494,16.333349148228468
UIEB_454.png,train,0.6755655415579808,12.54172905547578
UIEB_455.png,train,0.8805461533406924,18.59658041367125
UIEB_456.png,val,0.6644937729803729,14.072812030293193
UIEB_457.png,train,0.8135601884831578,18.22679583867093
UIEB_458.png,train,0.7428183103944778,15.157046141456949
UIEB_459.png,val,0.7341811227046843,14.870569141762717
UIEB_46.png,test,0.7004335460100392,15.635339289919191
UIEB_460.png,val,0.6325522521048114,16.161046529919982
UIEB_461.png,train,0.6877284235472717,19.78358186629856
UIEB_462.png,train,0.8658422884759619,19.8530267143369
UIEB_463.png,train,0.8083184243690921,23.464240147260433
UIEB_464.png,val,0.823117434916404,17.00677714052987
UIEB_465.png,train,0.7428544807183824,14.832071070999607
UIEB_466.png,train,0.7819524515192877,16.618046152345663
UIEB_467.png,train,0.8646085006152514,18.422862181991558
UIEB_468.png,val,0.7207489896131314,13.78142819168119
UIEB_469.png,train,0.7746451151166593,20.59943258825235
UIEB_47.png,train,0.7578106844795349,14.682227031140256
UIEB_470.png,test,0.8306762844704405,18.78785739894843
UIEB_471.png,val,0.7071625075025191,14.364892643803667
UIEB_472.png,val,0.8519571491408316,19.770255908939248
UIEB_473.png,train,0.686906454869402,14.289242901470999
UIEB_474.png,train,0.39145579809359954,12.130197294794073
UIEB_475.png,test,0.41069357125620165,13.505111262132257
UIEB_476.png,train,0.7546430167011259,17.524765271195943
UIEB_477.png,train,0.7917304838677329,18.239820211541517
UIEB_478.png,train,0.6468258927975689,14.757975646448937
UIEB_479.png,train,0.7018980616927998,15.18406127341767
UIEB_48.png,train,0.7746526960443365,15.18115735998097
UIEB_480.png,train,0.80652004517995,18.58792797053589
UIEB_481.png,train,0.7810634783708515,16.61868603274169
UIEB_482.png,train,0.7933197327069359,18.36722766618682
UIEB_483.png,test,0.8771059541638513,17.672106182441564
UIEB_484.png,train,0.6775944128214659,15.88847936062114
UIEB_485.png,train,0.7886423053833592,17.06747957408318
UIEB_486.png,train,0.8496899963359517,19.917417152309568
UIEB_487.png,train,0.7553741010000631,17.322795348592823
UIEB_488.png,train,0.7162753385531486,17.027775255411044
UIEB_489.png,train,0.8526898950841365,20.560707548810093
UIEB_49.png,train,0.715307518555892,14.76840317923918
UIEB_490.png,train,0.8372205183359288,17.62047109082762
UIEB_491.png,test,0.8026812518419014,16.523892104323153
UIEB_492.png,train,0.7513459980199012,15.09402552482958
UIEB_493.png,train,0.6988683519613966,15.523885474882594
UIEB_494.png,val,0.8605337693849632,19.499395030760073
UIEB_495.png,train,0.47420755983181556,12.885452350243078
UIEB_496.png,train,0.5530575555081363,13.59706779646455
UIEB_497.png,val,0.8592621989602128,18.35702665076224
UIEB_498.png,train,0.8797410262115783,20.999357366565196
UIEB_499.png,train,0.966390089808379,29.5523273020917
UIEB_5.png,train,0.7557720167123082,14.8398009482896
UIEB_50.png,train,0.7381236021802323,13.070523271014041
UIEB_500.png,train,0.9653165995140084,26.77877418510888
UIEB_501.png,train,0.7185087744976952,14.620001351407488
UIEB_502.png,train,0.7943557638845892,15.881599697467026
UIEB_503.png,train,0.8610298718316152,18.424838667677207
UIEB_504.png,train,0.8404000329545432,16.201031359928212
UIEB_505.png,train,0.847628285445233,18.768672801102845
UIEB_506.png,train,0.9329424219841084,24.788393996723777
UIEB_507.png,train,0.7872746875947488,12.176646557129473
UIEB_508.png,test,0.9127549272873198,22.847069129384543
UIEB_509.png,test,0.8865507634739075,28.817578468894844
UIEB_51.png,train,0.24418696847683038,10.648957371663734
UIEB_510.png,train,0.9098169036764135,20.78898601926046
UIEB_511.png,test,0.822897471997858,16.06437260787656
UIEB_512.png,test,0.9187788125813672,21.860370885561142
UIEB_513.png,val,0.88864558911416,19.42199687866456
UIEB_514.png,test,0.8789816765595639,19.20878748240986
UIEB_515.png,train,0.9308201477004489,20.37711751961796
UIEB_516.png,val,0.917429235920769,22.89483823285621
UIEB_517.png,train,0.7272700414299796,15.34984564085647
UIEB_518.png,train,0.9396364520627626,20.69525541174182
UIEB_519.png,test,0.8661076606561698,16.615941846010337
UIEB_52.png,train,0.7472053949937904,15.355605991345564
UIEB_520.png,train,0.7696470981348295,16.208419738102556
UIEB_521.png,train,0.7653784713430927,16.045165309878943
UIEB_522.png,train,0.7232046202000691,19.11358795822448
UIEB_523.png,test,0.8567410883206725,18.853233027984242
UIEB_524.png,val,0.7750873944843398,17.612940115094137
UIEB_525.png,train,0.8731302619700806,22.131585181770525
UIEB_526.png,test,0.7769363049644381,16.92010505072448
UIEB_527.png,test,0.6996907418473913,15.013336525874035
UIEB_528.png,test,0.7646421479782587,16.615808111083727
UIEB_529.png,train,0.8997319116290908,19.515426541121975
UIEB_53.png,train,0.8814712190512827,19.45106908989757
UIEB_530.png,train,0.7771302947393623,16.947124287527167
UIEB_531.png,train,0.802169859547007,17.37477387254529
UIEB_532.png,train,0.7959182607411991,17.379777871429244
UIEB_533.png,train,0.7340787531938249,16.873925432575643
UIEB_534.png,train,0.7888441425418753,16.71996392001808
UIEB_535.png,test,0.8452970594292418,16.93436550539648
UIEB_536.png,train,0.7298917282061242,16.39893591914352
UIEB_537.png,train,0.8962383401877517,22.98803571338376
UIEB_538.png,train,0.8912627001925008,22.37351427061787
UIEB_539.png,val,0.6860977504842917,16.22613471317461
UIEB_54.png,test,0.7195063754506944,16.950321751483607
UIEB_540.png,train,0.6787340127160343,15.87724282028788
UIEB_541.png,test,0.7675766003778267,16.21634888200745
UIEB_542.png,test,0.7978769403397791,17.16679870103132
UIEB_543.png,train,0.7916690132861376,16.63184669677188
UIEB_544.png,train,0.7990644353179134,16.726943088529566
UIEB_545.png,train,0.8667117683675709,19.30998039218034
UIEB_546.png,val,0.9190389883590365,23.30487925062803
UIEB_547.png,train,0.8655078514742954,23.33576259805412
UIEB_548.png,test,0.932280195480002,19.65851438653164
UIEB_549.png,train,0.591812662621842,15.113548237481309
UIEB_55.png,train,0.7041946723844495,15.296450929137428
UIEB_550.png,train,0.7777277361890843,17.668178103541795
UIEB_551.png,val,0.6964381172910178,13.688535857800527
UIEB_552.png,train,0.8569009920008445,18.790636654553097
UIEB_553.png,test,0.8172481076451471,18.01466735353433
UIEB_554.png,val,0.857272401267268,18.01186600062039
UIEB_555.png,train,0.9205282442836232,22.659717789810465
UIEB_556.png,train,0.854190037793575,17.50285374564228
UIEB_557.png,test,0.8857370037254059,21.668603581718653
UIEB_558.png,val,0.8466338531570116,16.162945295807784
UIEB_559.png,test,0.9141672696983006,21.677632231100596
UIEB_56.png,train,0.41065224678251183,11.391328243965695
UIEB_560.png,train,0.809335507186793,15.998900220250666
UIEB_561.png,train,0.8030208423848307,17.127039890264125
UIEB_562.png,train,0.7149287078097815,14.038958216241166
UIEB_563.png,train,0.6934209942600745,15.231307511368211
UIEB_564.png,train,0.6609452953724646,14.321828180628236
UIEB_565.png,train,0.715255379120744,13.421971432316207
UIEB_566.png,train,0.7156401191087695,16.61886568435196
UIEB_567.png,train,0.8837931694975453,21.856608366132555
UIEB_568.png,test,0.78397066919424,18.895768731779526
UIEB_569.png,train,0.8827597012308326,18.03012532941969
UIEB_57.png,train,0.7921792076512122,16.671410596441405
UIEB_570.png,train,0.7542152487475757,13.52703493130262
UIEB_571.png,val,0.8528230033849843,18.104397389213666
UIEB_572.png,train,0.7802516595300953,15.028426310502718
UIEB_573.png,train,0.7825438579425129,15.483628188929472
UIEB_574.png,train,0.8353983899970238,15.944041669517981
UIEB_575.png,train,0.8306209930681719,19.94876873727609
UIEB_576.png,train,0.7454843971628294,18.801130077442647
UIEB_577.png,train,0.7098764110688752,18.50186487589197
UIEB_578.png,train,0.7283118382356563,16.411771394676933
UIEB_579.png,train,0.8148269976749202,19.607601891718748
UIEB_58.png,train,0.8094050518024,17.15467464984251
UIEB_580.png,train,0.7911393471518039,19.72111605895314
UIEB_581.png,train,0.9095654568753307,22.166900532975188
UIEB_582.png,train,0.8488598862280968,17.994443908448627
UIEB_583.png,train,0.7863173726840632,16.209198254010868
UIEB_584.png,train,0.8245553284242035,16.217558441124563
UIEB_585.png,train,0.8883002532653462,18.3546711539009
UIEB_586.png,val,0.8586676492067458,19.368441305986824
UIEB_587.png,train,0.8480281564505004,20.050972582381906
UIEB_588.png,train,0.8188951697812673,20.018801428215603
UIEB_589.png,train,0.7943711429415273,18.580925265334827
UIEB_59.png,train,0.8446931526840079,18.85379721589451
UIEB_590.png,train,0.8510972179820073,18.971174864846645
UIEB_591.png,train,0.8045747658987916,16.25466263874889
UIEB_592.png,train,0.8356878739427486,19.552879652730812
UIEB_593.png,val,0.369436739175457,11.167368374062555
UIEB_594.png,train,0.8826016448061317,21.152969719056568
UIEB_595.png,train,0.6569389184362271,14.494768722574774
UIEB_596.png,train,0.8388040962289246,17.979789833915106
UIEB_597.png,val,0.8087568706040438,16.72646988665622
UIEB_598.png,train,0.6131763399413167,13.636734052514567
UIEB_599.png,train,0.6857264751778661,15.545614836547268
UIEB_6.png,val,0.7959950304180142,16.908767244771184
UIEB_60.png,train,0.6165753077231596,13.377977755052726
UIEB_600.png,test,0.7806888888758755,14.347775435568513
UIEB_601.png,val,0.8085472778381915,17.301384284957567
UIEB_602.png,train,0.8295603735235408,17.460537161900437
UIEB_603.png,train,0.5761393702216413,14.031382648804115
UIEB_604.png,train,0.8279566191130643,17.301194692337837
UIEB_605.png,test,0.8476082677071929,16.69750948419875
UIEB_606.png,test,0.7825690607443093,16.46985554438341
UIEB_607.png,test,0.8475372224558025,16.51964398488252
UIEB_608.png,val,0.6298933087317585,15.08960306421381
UIEB_609.png,test,0.7977184638207798,16.85265841181042
UIEB_61.png,test,0.7034396724078226,14.874610372598706
UIEB_610.png,test,0.6853337061005608,15.558772906898016
UIEB_611.png,train,0.7494980807828195,15.236131771944308
UIEB_612.png,train,0.7686413440197208,15.764610637735446
UIEB_613.png,train,0.7676201832743411,15.1999143169224
UIEB_614.png,train,0.8280189466678323,18.800740778792296
UIEB_615.png,train,0.8584087794330383,17.897466599131118
UIEB_616.png,train,0.841958373662711,19.106728425458723
UIEB_617.png,val,0.9009904617048198,20.474278489468837
UIEB_618.png,val,0.6544938178287929,13.030302509836538
UIEB_619.png,train,0.7770972460892563,16.210513087687232
UIEB_62.png,train,0.845094234791616,19.238676623426603
UIEB_620.png,val,0.8931104260514712,22.937244110010496
UIEB_621.png,train,0.7559608146597925,16.7559946770904
UIEB_622.png,train,0.9052923657314021,22.544406140618626
UIEB_623.png,train,0.8910952159518599,21.240862388795698
UIEB_624.png,train,0.6705073752417218,13.415780229819795
UIEB_625.png,train,0.9006014085263149,23.20481861307607
UIEB_626.png,train,0.810475572576801,20.08588053573179
UIEB_627.png,train,0.904700983666581,22.219354161318762
UIEB_628.png,train,0.6863546794135379,13.876231498160315
UIEB_629.png,train,0.755147249003144,12.414427120106895
UIEB_63.png,train,0.778718468939264,14.20332859107905
UIEB_630.png,train,0.7083435185866694,11.031022100064503
UIEB_631.png,train,0.789824539130506,12.15793205174486
UIEB_632.png,train,0.7905014579565816,18.007914537257687
UIEB_633.png,train,0.6445741598336349,14.1235569812414
UIEB_634.png,test,0.6324017513793682,15.917432530904627
UIEB_635.png,train,0.8299739990597562,18.959053004365554
UIEB_636.png,train,0.846212169287461,20.625188221679522
UIEB_637.png,train,0.7697334514758433,18.085867459199548
UIEB_638.png,train,0.7310673411412075,14.140494571636964
UIEB_639.png,train,0.6793859500142773,12.56538429982341
UIEB_64.png,train,0.6894913310190453,14.911453120529918
UIEB_640.png,train,0.6529538587945382,12.088632191676359
UIEB_641.png,test,0.8354348026905248,18.279475852458976
UIEB_642.png,train,0.8419218355726755,18.498513726933872
UIEB_643.png,train,0.7769021111328939,18.573340304995988
UIEB_644.png,train,0.8301245651834464,18.475998009424444
UIEB_645.png,train,0.47366307547905295,11.930373586352651
UIEB_646.png,train,0.6799112696846619,12.280898083766914
UIEB_647.png,train,0.8364219901339944,16.400051095091534
UIEB_648.png,val,0.7976057911895724,15.925828754067698
UIEB_649.png,val,0.7982937034493833,16.381390027511685
UIEB_65.png,val,0.7973255595453635,14.853809388803523
UIEB_650.png,val,0.8617232624211044,17.749953537437616
UIEB_651.png,train,0.6146181625456109,11.831899651414249
UIEB_652.png,val,0.8508384671051586,19.853075606367323
UIEB_653.png,train,0.8610948249519991,15.35698019496274
UIEB_654.png,test,0.5629641947734108,11.385214052975734
UIEB_655.png,train,0.7940208009628492,20.38742008604809
UIEB_656.png,train,0.8435511928182775,15.309799622649585
UIEB_657.png,train,0.7947301477582823,15.957190697652662
UIEB_658.png,train,0.7210143320619395,16.73227553224926
UIEB_659.png,val,0.7174320506712086,15.582000043785309
UIEB_66.png,train,0.8331837451254657,15.15285241695822
UIEB_660.png,train,0.7071953508683327,14.769493346798804
UIEB_661.png,train,0.7447577033747633,15.216437688197262
UIEB_662.png,train,0.7131573067025673,13.460228967103196
UIEB_663.png,val,0.7208133078521328,14.254593452503364
UIEB_664.png,train,0.45708021380522584,9.691703082062535
UIEB_665.png,train,0.7537610594329806,14.978770342416702
UIEB_666.png,val,0.713809496756373,15.117507339186375
UIEB_667.png,train,0.7796231190817972,15.229102415529692
UIEB_668.png,train,0.7361601937645227,16.10740522374543
UIEB_669.png,val,0.7950825665741986,15.733984338165865
UIEB_67.png,train,0.8896433752232628,20.2527328007234
UIEB_670.png,val,0.8547029935461774,15.937793795176791
UIEB_671.png,train,0.8185487781286401,15.023836589562285
UIEB_672.png,train,0.8383397156674554,18.560722573315598
UIEB_673.png,train,0.8240952740573011,18.40630052070989
UIEB_674.png,train,0.8181271427893096,17.544066865536276
UIEB_675.png,val,0.7552273674385397,14.133659903452784
UIEB_676.png,train,0.8226776000207369,18.49256199959352
UIEB_677.png,val,0.8321603440056388,18.962039619612014
UIEB_678.png,val,0.844625501169434,19.093078440404657
UIEB_679.png,val,0.6408131442168988,11.951486038635784
UIEB_68.png,val,0.8282863443600977,17.366056233029088
UIEB_680.png,train,0.7108429704260057,15.750103038652961
UIEB_681.png,train,0.8202811957014986,16.715131800207455
UIEB_682.png,val,0.8188267232197655,18.23087349833355
UIEB_683.png,test,0.7509398771887942,16.318658620295178
UIEB_684.png,test,0.7018158641541716,12.906531879967725
UIEB_685.png,val,0.8622229155191113,19.25177681071978
UIEB_686.png,train,0.8124484539065634,15.588073201952774
UIEB_687.png,train,0.8396257478605403,19.146518004073346
UIEB_688.png,train,0.7189281244746318,16.204119724135076
UIEB_689.png,train,0.915401109735169,22.137835954147043
UIEB_69.png,train,0.7874946528779678,15.859435610783802
UIEB_690.png,val,0.6819291905764185,13.775228450615613
UIEB_691.png,val,0.9180472132188183,23.62083661080834
UIEB_692.png,train,0.7838250124589852,18.635481043690362
UIEB_693.png,train,0.7199759298281995,19.02137746816008
UIEB_694.png,train,0.9203326616952833,24.15120552482646
UIEB_695.png,train,0.6647290545312734,12.289644972704481
UIEB_696.png,train,0.7595103890394431,16.748662187366417
UIEB_697.png,test,0.8140291156700036,17.563398707574564
UIEB_698.png,train,0.8472667927946974,18.545754696605098
UIEB_699.png,test,0.6613571364818124,13.098683031945935
UIEB_7.png,train,0.8170689118669628,16.591444303997733
UIEB_70.png,train,0.7753764804942155,20.078163255221003
UIEB_700.png,val,0.8169784922401752,15.674247454550938
UIEB_701.png,train,0.6925951121441921,14.890030615445426
UIEB_702.png,train,0.8824258792958517,18.05916776531253
UIEB_703.png,train,0.8094689773152698,18.627896389319606
UIEB_704.png,train,0.7767646100465743,16.09658936579375
UIEB_705.png,val,0.8734335337696493,18.553374352326085
UIEB_706.png,train,0.8573176868321427,19.780745831523873
UIEB_707.png,train,0.8763420317518955,19.791311451353852
UIEB_708.png,test,0.6059312662500895,11.392085803175627
UIEB_709.png,train,0.7703338205717983,15.500520480149692
UIEB_71.png,val,0.7577974878141905,14.485713410846925
UIEB_710.png,train,0.5560281370584682,10.470168009025533
UIEB_711.png,train,0.7611247760426396,15.687114259109014
UIEB_712.png,train,0.5920795955133183,10.407493467148239
UIEB_713.png,train,0.9184809325414713,21.29403882666201
UIEB_714.png,test,0.9010097083386498,20.986200253152315
UIEB_715.png,val,0.7570587378222475,16.943701634042817
UIEB_716.png,val,0.7841709719354917,20.646616670638828
UIEB_717.png,train,0.8254697057628616,19.34175831751213
UIEB_718.png,train,0.7833040739151244,20.135074677310794
UIEB_719.png,test,0.9165634534254125,21.506621172214896
UIEB_72.png,train,0.7889105446894904,15.224319206299096
UIEB_720.png,train,0.90468177904276,24.53242783873221
UIEB_721.png,train,0.7164827497753379,18.349572934189645
UIEB_722.png,val,0.8870098963957944,23.246520428772573
UIEB_723.png,train,0.8600914809902944,17.76934163821689
UIEB_724.png,train,0.6839499519477622,17.214852862925635
UIEB_725.png,train,0.7922574698306594,17.141204562205242
UIEB_726.png,val,0.8160555200870302,17.706134494794163
UIEB_727.png,val,0.7981115808752571,17.377837147016095
UIEB_728.png,train,0.9164613299308888,23.62980049009662
UIEB_729.png,train,0.7631687408368372,16.735388491012248
UIEB_73.png,val,0.8542159198453101,14.74841890902593
UIEB_730.png,test,0.9090702158610081,24.905164813089783
UIEB_731.png,test,0.7309663269146536,16.045677236577532
UIEB_732.png,test,0.9062683568185381,22.245565850280972
UIEB_733.png,test,0.8557940381686965,20.205496234062856
UIEB_734.png,train,0.8046753033283452,16.267991254924045
UIEB_735.png,train,0.47366307547905295,11.930373586352651
UIEB_736.png,train,0.8413062069658731,16.851184616940692
UIEB_737.png,train,0.8690770722082021,19.746706155896973
UIEB_738.png,train,0.8579399591335327,18.42526737536737
UIEB_739.png,train,0.5538264667425686,10.402339925692054
UIEB_74.png,train,0.8881806560477883,19.407636141788927
UIEB_740.png,train,0.8915561308434402,23.456887108947484
UIEB_741.png,train,0.6080861505689769,12.357144117194533
UIEB_742.png,train,0.8479673416198866,16.947548612842795
UIEB_743.png,train,0.8146174521470457,19.334505155020867
UIEB_744.png,train,0.6898238969740881,13.771821949685572
UIEB_745.png,val,0.8303031913273432,17.60210509095546
UIEB_746.png,train,0.8323049149678772,19.339312066780113
UIEB_747.png,train,0.8621320926670516,22.17174346305784
UIEB_748.png,train,0.8526100488295972,16.983135092923735
UIEB_749.png,train,0.8659430485335089,21.945125426585413
UIEB_75.png,test,0.7762027223324853,15.384458892060902
UIEB_750.png,train,0.8722115691351782,18.645647995672686
UIEB_751.png,val,0.8510677358571463,20.74869446647467
UIEB_752.png,train,0.7285721972807159,13.961936343389134
UIEB_753.png,train,0.8760718952064636,19.0793103257888
UIEB_754.png,test,0.644655089222785,13.694741118659103
UIEB_755.png,val,0.8296871363720498,17.324416318800168
UIEB_756.png,test,0.8477702012234184,22.59479260772504
UIEB_757.png,val,0.6215754413103741,11.379945904966164
UIEB_758.png,train,0.849577453231967,16.984033673133997
UIEB_759.png,test,0.6150255452369264,13.075361423018006
UIEB_76.png,train,0.6400797275617912,17.02066787372289
UIEB_760.png,train,0.7990861727910873,16.82454671550182
UIEB_761.png,train,0.8361880611640613,15.017622282013342
UIEB_762.png,train,0.7570472756619416,17.506324482891507
UIEB_763.png,train,0.8745027066760681,16.710497909486207
UIEB_764.png,train,0.8014784355633751,16.334681793377023
UIEB_765.png,train,0.732814108817932,12.8643094623917
UIEB_766.png,train,0.7584039830616609,17.650998232003666
UIEB_767.png,val,0.8269224900601979,16.46344281874614
UIEB_768.png,train,0.7726064391526662,15.912541684493435
UIEB_769.png,val,0.8496555499081202,24.78329953092763
UIEB_77.png,train,0.6939472945997607,13.531039284241512
UIEB_770.png,train,0.8206837607268972,19.48456311775513
UIEB_771.png,train,0.79132745203691,15.769965648937339
UIEB_772.png,val,0.8130535012677464,16.70079910898326
UIEB_773.png,train,0.7610042369435365,14.030430335497297
UIEB_774.png,train,0.7957801467047306,18.603095296155672
UIEB_775.png,train,0.9081222280997542,23.020360260941896
UIEB_776.png,test,0.8315070405132773,21.615798695954393
UIEB_777.png,test,0.8003465707550766,20.172470285076827
UIEB_778.png,val,0.7196033249296243,14.464460050083845
UIEB_779.png,train,0.6647497846332215,11.597490173921095
UIEB_78.png,train,0.7272373333071629,16.216989628248122
UIEB_780.png,val,0.838581913680189,18.228034940287287
UIEB_781.png,train,0.626082993150579,9.775800561450895
UIEB_782.png,val,0.8610943883525994,17.65571782845075
UIEB_783.png,train,0.8610948249519991,15.35698019496274
UIEB_784.png,train,0.871327278250425,19.244366573214776
UIEB_785.png,train,0.8807499894009622,18.23768690901676
UIEB_786.png,val,0.8401404170908832,18.697961607250843
UIEB_787.png,train,0.8477575374687487,16.17701526511419
UIEB_788.png,train,0.7315682919351314,11.522083450533922
UIEB_789.png,train,0.8591264850933941,17.087259411655346
UIEB_79.png,train,0.8118830907257971,15.992908526478029
UIEB_790.png,val,0.9024772631768768,22.894901356295023
UIEB_791.png,train,0.8188560134507125,17.774284906714172
UIEB_792.png,test,0.8967666900408128,21.383838440882702
UIEB_793.png,train,0.8249903743159518,16.690680079455163
UIEB_794.png,train,0.8697366725250792,18.471967898142495
UIEB_795.png,train,0.7876557180015027,16.328078597208332
UIEB_796.png,val,0.8207940213937186,15.577486414904364
UIEB_797.png,train,0.7334397751753272,14.270242850666685
UIEB_798.png,test,0.863607969201955,24.02113018105368
UIEB_799.png,train,0.9285504144344977,24.788691485860053
UIEB_8.png,test,0.5816036181849472,13.649184503121617
UIEB_80.png,train,0.8485574951050823,19.000306921139266
UIEB_800.png,val,0.8607087770855134,20.351889686029384
UIEB_801.png,train,0.9040776371435997,21.998690540773662
UIEB_802.png,test,0.830975025559308,16.232459856220398
UIEB_803.png,test,0.4209328721826833,13.634680806149827
UIEB_804.png,train,0.8873066026980275,22.382784863075447
UIEB_805.png,train,0.8207331471248224,16.666896243268873
UIEB_806.png,train,0.7528703785561547,15.829101248049543
UIEB_807.png,train,0.7817247943799425,15.072917654012377
UIEB_808.png,val,0.7908306605097812,17.14301540521757
UIEB_809.png,test,0.8131489297988082,17.084140469341705
UIEB_81.png,val,0.7678597790902878,16.599304414394954
UIEB_810.png,train,0.7787370845693097,16.2393713866396
UIEB_811.png,train,0.6775327713045375,14.807375025314082
UIEB_812.png,train,0.8013104557293579,19.360092869691783
UIEB_813.png,val,0.4908079191761255,15.870278205283029
UIEB_814.png,train,0.8103594915140491,15.4287271011093
UIEB_815.png,train,0.8693742291711453,18.618765906518437
UIEB_816.png,val,0.7202053890371922,14.087013784069107
UIEB_817.png,val,0.7542125160230736,17.19489521894459
UIEB_818.png,train,0.5199251269661858,12.92514583194487
UIEB_819.png,train,0.8040635874069806,16.67237279905534
UIEB_82.png,train,0.8216803853844338,20.134685748204475
UIEB_820.png,train,0.619232911026644,12.242490852112
UIEB_821.png,val,0.654396458735187,11.517284323516447
UIEB_822.png,train,0.8065662805238163,15.955529433472899
UIEB_823.png,train,0.5506527939190481,11.30417885692774
UIEB_824.png,train,0.8397024114230182,15.824525980848422
UIEB_825.png,train,0.7774588885537677,20.138198396520078
UIEB_826.png,train,0.903818545270148,19.133161089385943
UIEB_827.png,train,0.8400085256940346,18.292232952739706
UIEB_828.png,val,0.8116984249897178,18.62410209267856
UIEB_829.png,train,0.7005187297227696,14.667980767246709
UIEB_83.png,test,0.7179127199889036,15.404585265564926
UIEB_830.png,train,0.5266362988676968,13.305168213209797
UIEB_831.png,train,0.7181531791967212,15.69486201882485
UIEB_832.png,val,0.7668954757957919,16.3265640286436
UIEB_833.png,train,0.8900458195927072,14.730916485422146
UIEB_834.png,train,0.815376119265021,18.04478892847709
UIEB_835.png,test,0.834326914146839,18.50125825633939
UIEB_836.png,train,0.9032633986551374,18.173707143619843
UIEB_837.png,train,0.7307970671669551,16.65921357111438
UIEB_838.png,train,0.7440005967597948,14.195188004759293
UIEB_839.png,train,0.6205239079013856,14.971331369560527
UIEB_84.png,train,0.7643861358708172,15.107578441379596
UIEB_840.png,val,0.4360476349383659,11.05978547072927
UIEB_841.png,test,0.7814965036995347,16.764792402327796
UIEB_842.png,val,0.7644611564781748,14.68501899701068
UIEB_843.png,train,0.8327715327409034,17.80097243457549
UIEB_844.png,train,0.8302992155913754,16.54218926275044
UIEB_845.png,train,0.7594389274009533,15.132133869103537
UIEB_846.png,train,0.8695072666738501,18.553510299923552
UIEB_847.png,train,0.6672961129827074,13.179045865963698
UIEB_848.png,test,0.6901996058334467,18.455881541186173
UIEB_849.png,train,0.5310599691675435,16.28711985776743
UIEB_85.png,train,0.7593020895944491,17.161175550145174
UIEB_850.png,train,0.5441711426650031,17.268221804451436
UIEB_851.png,train,0.506575003825033,17.003670628067322
UIEB_852.png,train,0.7177263157917159,15.963792687855968
UIEB_853.png,test,0.6498214415949121,18.29972217204921
UIEB_854.png,train,0.7611061023427858,17.264802344569784
UIEB_855.png,train,0.743506546304952,11.925866433439653
UIEB_856.png,val,0.7338587241831084,17.015764113753576
UIEB_857.png,train,0.717424207793618,13.97552026271643
UIEB_858.png,train,0.767128064188528,18.11462505533663
UIEB_859.png,train,0.8722642898161049,18.64922281567606
UIEB_86.png,train,0.6951585495091952,15.33328368771459
UIEB_860.png,val,0.818149656647079,23.428764990541087
UIEB_861.png,val,0.7039932018336854,14.890663235895104
UIEB_862.png,train,0.7988486979047873,17.64880682710231
UIEB_863.png,train,0.7209450346533086,16.999492639436674
UIEB_864.png,val,0.825373709509957,18.589332599183496
UIEB_865.png,val,0.8110802119851321,17.85561320378896
UIEB_866.png,train,0.8110360718524201,15.46700145155798
UIEB_867.png,train,0.6940306135710989,16.128718482146574
UIEB_868.png,train,0.730915173083627,14.315946613097912
UIEB_869.png,val,0.8695072966444104,19.561534363188034
UIEB_87.png,train,0.8033663984418197,16.804944248485306
UIEB_870.png,train,0.7450536365135743,17.350553863151475
UIEB_871.png,train,0.8330369767987218,17.917735047312743
UIEB_872.png,train,0.7885187761496658,17.185439983264573
UIEB_873.png,train,0.8233109610551991,20.59399629560879
UIEB_874.png,train,0.7287395957984497,15.800189487956398
UIEB_875.png,train,0.7225177057486393,15.505477686222262
UIEB_876.png,val,0.8525574115245221,17.12281907912225
UIEB_877.png,val,0.9026846607173461,20.605856344912898
UIEB_878.png,train,0.8090276195816336,17.78819957063557
UIEB_879.png,train,0.7931826747239743,15.037639964532625
UIEB_88.png,test,0.5931599670522347,16.798634588837146
UIEB_880.png,train,0.7412870137185754,15.853363087265787
UIEB_881.png,train,0.7862205523093547,15.507208189641599
UIEB_882.png,train,0.677071785881396,16.694778595270066
UIEB_883.png,test,0.8676339233821165,18.97390346869762
UIEB_884.png,val,0.8426284460167851,15.278752846995811
UIEB_885.png,train,0.8279186460034968,17.912415092558394
UIEB_886.png,train,0.8862382333754155,19.442547332941025
UIEB_887.png,train,0.8591438933637123,21.067773409535295
UIEB_888.png,train,0.8285653754347226,16.69118410046951
UIEB_889.png,val,0.6425747458165435,14.347674257479442
UIEB_89.png,train,0.782639898992389,16.280367998496356
UIEB_9.png,train,0.8783610534458912,12.749867658967421
UIEB_90.png,train,0.7504053964511767,15.657422705953996
UIEB_91.png,train,0.7996912926087161,16.862097457273897
UIEB_92.png,test,0.7501290717067458,17.297909844072827
UIEB_93.png,train,0.7310509191844412,16.626022420682084
UIEB_94.png,train,0.864131053341065,15.97518735130749
UIEB_95.png,train,0.7462424037456064,17.473462891070742
UIEB_96.png,test,0.49446456681607676,11.800097518517374
UIEB_97.png,test,0.8406499799259737,17.978297952146733
UIEB_98.png,train,0.8241091227675224,18.42235663790757
UIEB_99.png,train,0.8649224181841536,22.489432973597317
